product,kg_co2e_per_kg,land_m2_per_kg,water_l_per_kg,source
Apples,0.43,0.63,180.1,"Poore & Nemecek (2018), processed by Our World in Data"
Bananas,0.86,1.93,114.5,"Poore & Nemecek (2018), processed by Our World in Data"
Barley,1.18,1.11,17.1,"Poore & Nemecek (2018), processed by Our World in Data"
Beef (beef herd),99.48,326.21,1451.2,"Poore & Nemecek (2018), processed by Our World in Data"
Beef (dairy herd),33.3,43.24,2714.3,"Poore & Nemecek (2018), processed by Our World in Data"
Beet Sugar,1.81,1.83,217.7,"Poore & Nemecek (2018), processed by Our World in Data"
Berries & Grapes,1.53,2.41,419.6,"Poore & Nemecek (2018), processed by Our World in Data"
Brassicas,0.51,0.55,119.4,"Poore & Nemecek (2018), processed by Our World in Data"
Cane Sugar,3.2,2.04,620.1,"Poore & Nemecek (2018), processed by Our World in Data"
Cassava,1.32,1.81,0.0,"Poore & Nemecek (2018), processed by Our World in Data"
Cheese,23.88,87.79,5605.2,"Poore & Nemecek (2018), processed by Our World in Data"
Citrus Fruit,0.39,0.86,82.7,"Poore & Nemecek (2018), processed by Our World in Data"
Coffee,28.53,21.62,25.9,"Poore & Nemecek (2018), processed by Our World in Data"
Dark Chocolate,46.65,68.96,540.6,"Poore & Nemecek (2018), processed by Our World in Data"
Eggs,4.67,6.27,577.7,"Poore & Nemecek (2018), processed by Our World in Data"
Fish (farmed),13.63,8.41,3691.3,"Poore & Nemecek (2018), processed by Our World in Data"
Groundnuts,3.23,9.11,1852.3,"Poore & Nemecek (2018), processed by Our World in Data"
Lamb & Mutton,39.72,369.81,1802.8,"Poore & Nemecek (2018), processed by Our World in Data"
Maize,1.7,2.94,215.7,"Poore & Nemecek (2018), processed by Our World in Data"
Milk,3.15,8.95,628.2,"Poore & Nemecek (2018), processed by Our World in Data"
Nuts,0.43,12.96,4133.8,"Poore & Nemecek (2018), processed by Our World in Data"
Oatmeal,2.48,7.6,482.4,"Poore & Nemecek (2018), processed by Our World in Data"
Olive Oil,5.42,,,"Poore & Nemecek (2018), processed by Our World in Data"
Onions & Leeks,0.5,0.39,14.3,"Poore & Nemecek (2018), processed by Our World in Data"
Other Fruit,1.05,0.89,153.5,"Poore & Nemecek (2018), processed by Our World in Data"
Other Pulses,1.79,15.57,435.7,"Poore & Nemecek (2018), processed by Our World in Data"
Other Vegetables,0.53,0.38,102.5,"Poore & Nemecek (2018), processed by Our World in Data"
Palm Oil,7.32,,,"Poore & Nemecek (2018), processed by Our World in Data"
Peas,0.98,7.46,396.6,"Poore & Nemecek (2018), processed by Our World in Data"
Pig Meat,12.31,17.36,1795.8,"Poore & Nemecek (2018), processed by Our World in Data"
Potatoes,0.46,0.88,59.1,"Poore & Nemecek (2018), processed by Our World in Data"
Poultry Meat,9.87,12.22,660.0,"Poore & Nemecek (2018), processed by Our World in Data"
Prawns (farmed),26.87,2.97,3515.4,"Poore & Nemecek (2018), processed by Our World in Data"
Rapeseed Oil,3.77,,,"Poore & Nemecek (2018), processed by Our World in Data"
Rice,4.45,2.8,2248.4,"Poore & Nemecek (2018), processed by Our World in Data"
Root Vegetables,0.43,0.33,28.4,"Poore & Nemecek (2018), processed by Our World in Data"
Soy milk,0.98,0.66,27.8,"Poore & Nemecek (2018), processed by Our World in Data"
Soybean Oil,6.32,,,"Poore & Nemecek (2018), processed by Our World in Data"
Sunflower Oil,3.6,,,"Poore & Nemecek (2018), processed by Our World in Data"
Tofu,3.16,3.52,148.6,"Poore & Nemecek (2018), processed by Our World in Data"
Tomatoes,2.09,0.8,369.8,"Poore & Nemecek (2018), processed by Our World in Data"
Wheat & Rye,1.57,3.85,647.5,"Poore & Nemecek (2018), processed by Our World in Data"
Wine,1.79,1.78,78.9,"Poore & Nemecek (2018), processed by Our World in Data"
