id,category,subcategory,name,name_subtitle,keywords,pantry,pantry_max_days,fridge,fridge_max_days,freezer,freezer_max_days
1,Dairy Products & Eggs,,Butter,,Butter,,,1-2 Months,60.0,6-9 Months,270.0
2,Dairy Products & Eggs,,Buttermilk,,Buttermilk,,,1-2 Weeks,14.0,3 Months,90.0
3,Dairy Products & Eggs,,Cheese,"hard such as cheddar, swiss, block parmesan","Cheese,cheddar, swiss,parmesan",,,6 Months,180.0,6 Months,180.0
4,Dairy Products & Eggs,,Cheese,parmesan; shredded or grated,"Cheese,parmesan,shredded,grated",,,12 Months,360.0,Not Recommended,
5,Dairy Products & Eggs,,Cheese,"shredded; cheddar, mozzarella, etc.","Cheese,shredded,cheddar,mozzarella",,,1 Months,30.0,3-4 Months,120.0
6,Dairy Products & Eggs,,Cheese,processed slices,"Cheese,processed slices,slices,slice",,,3-4 Weeks,28.0,Not Recommended,
7,Dairy Products & Eggs,,Cheese,"soft such as brie, bel paese, goat","Cheese,brie, bel paese, goat",,,1-2 Weeks,14.0,6 Months,180.0
8,Dairy Products & Eggs,,Coffee creamer,liquid refrigerated,"Coffee creamer,Coffee, creamer,liquid refrigerated",,,3 Weeks,21.0,,
9,Dairy Products & Eggs,,Cottage cheese,,"Cottage cheese,cheese",,,2 Weeks,14.0,Not Recommended,
10,Dairy Products & Eggs,,Cream cheese,,,,,2 Weeks,14.0,Not Recommended,
11,Dairy Products & Eggs,,Cream,"whipping, ultrapasteurized","Cream,whipping,ultrapasteurized",,,1 Months,30.0,Not Recommended,
12,Dairy Products & Eggs,,Cream,"whipped, sweetened","Cream,whipped, sweetened",,,1 Days,1.0,1-2 Months,60.0
13,Dairy Products & Eggs,,Cream,half and half,"Cream,half",,,3-4 Days,4.0,4 Months,120.0
14,Dairy Products & Eggs,,Cream,heavy,"Cream,heavy",,,10 Days,10.0,3-4 Months,120.0
15,Dairy Products & Eggs,,Cream,light,"Cream,light",,,1 Weeks,7.0,3-4 Months,120.0
16,Dairy Products & Eggs,,Dips,sour cream based,"Dips,sour cream based,sour,cream based,cream,dip",,,2 Weeks,14.0,Not Recommended,
17,Dairy Products & Eggs,,Egg substitutes,liquid,"Egg substitutes,liquid,egg,substitutes,substitute",,,7 Days,7.0,Not Recommended,
20,Dairy Products & Eggs,,Eggnog,commercial,"Eggnog,commercial,egg,nog",,,3-5 Days,5.0,6 Months,180.0
21,Dairy Products & Eggs,,Eggs,in shell,"Eggs,in shell,egg,shell",,,3-5 Weeks,35.0,Not Recommended,
22,Dairy Products & Eggs,,Eggs,"raw whites, yolks","Eggs,raw whites, yolks,egg,whites",,,2-4 Days,4.0,12 Months,360.0
23,Dairy Products & Eggs,,Eggs,hard boiled cooked,"Eggs,egg,hard boiled cooked,boiled,hard boiled",,,1 Weeks,7.0,Not Recommended,
24,Dairy Products & Eggs,,Egg dishes,,"Egg dishes,egg,dishes",,,3-4 Days,4.0,2-3 Months,90.0
25,Dairy Products & Eggs,,Kefir,fermented milk,"Kefir,fermented milk,milk,fermented",,,1 Weeks,7.0,Not Recommended,
26,Dairy Products & Eggs,,Margarine,,Margarine,,,6 Months,180.0,12 Months,360.0
27,Dairy Products & Eggs,,Milk,plain or flavored,"Milk,plain,flavored,flavor",,,Package use-by date,,3 Months,90.0
28,Dairy Products & Eggs,,Pudding,,Pudding,,,Package use-by date,,Not Recommended,
29,Dairy Products & Eggs,,Sour cream,,"Sour cream,cream,sour",,,Package use-by date,,Not Recommended,
30,Dairy Products & Eggs,,Whipped cream,aerosol can,"Whipped cream,cream,aerosol can,can",,,3-4 Weeks,28.0,Not Recommended,
31,Dairy Products & Eggs,,Whipped topping,aerosol can,"Whipped topping,topping,aerosol can,can,whipped",,,3 Months,90.0,Not Recommended,
32,Dairy Products & Eggs,,Whipped topping,tub,"Whipped topping,topping,tub,whipped",,,2 Weeks,14.0,14 Months,420.0
33,Dairy Products & Eggs,,Yogurt,,Yogurt,,,1-2 Weeks,14.0,1-2 Months,60.0
34,Meat,Fresh,Beef,"rib roast, bone-in","Beef,rib roast,bone-in,roast,bone,rib",,,3-5 Days,5.0,4-12 Months,360.0
35,Meat,Fresh,Beef,"rib roast; boneless, rolled","Beef,rib roast,boneless,rolled,roast,rib",,,3-5 Days,5.0,4-12 Months,360.0
36,Meat,Fresh,Beef,round or rump roast,"Beef,round,rump roast,roast",,,3-5 Days,5.0,4-12 Months,360.0
37,Meat,Fresh,Beef,"tenderloin, whole","Beef,tenderloin,whole",,,3-5 Days,5.0,4-12 Months,360.0
38,Meat,Fresh,Beef,"tenderloin, half","Beef,tenderloin,half",,,3-5 Days,5.0,4-12 Months,360.0
39,Meat,Fresh,Beef,"chuck roast, brisket","Beef,chuck roast,roast,brisket",,,3-5 Days,5.0,4-12 Months,360.0
40,Meat,Fresh,Beef,steaks,"Beef,steaks,steak",,,3-5 Days,5.0,4-12 Months,360.0
41,Meat,Fresh,Beef,"stew, cubes","Beef,stew, cubes,cube",,,3-5 Days,5.0,4-12 Months,360.0
42,Meat,Fresh,Beef,short ribs,"Beef,short ribs,ribs,rib",,,3-5 Days,5.0,4-12 Months,360.0
43,Meat,Fresh,Beef,ground,"Beef,ground",,,1-2 Days,2.0,3-4 Months,120.0
44,Meat,Fresh,Lamb,"leg, bone-in - small","Lamb,leg,bone-in - small,bone-in,bone",,,3-5 Days,5.0,4-12 Months,360.0
45,Meat,Fresh,Lamb,"leg, bone-in - large","Lamb,leg,bone-in - large,bone-in,bone",,,3-5 Days,5.0,4-12 Months,360.0
46,Meat,Fresh,Lamb,"leg; boneless, rolled","Lamb,leg,boneless,rolled,bone",,,3-5 Days,5.0,4-12 Months,360.0
47,Meat,Fresh,Lamb,crown roast,"Lamb,crown roast,roast",,,3-5 Days,5.0,4-12 Months,360.0
48,Meat,Fresh,Lamb,shoulder roast or shank leg half,"Lamb,shoulder roast,roast,shoulder,shank leg half,half,shank,shank leg,leg",,,3-5 Days,5.0,4-12 Months,360.0
49,Meat,Fresh,Lamb,cubes for kabobs,"Lamb,cubes,kabobs,cube,kabob",,,3-5 Days,5.0,4-12 Months,360.0
50,Meat,Fresh,Lamb,ground,"Lamb,ground",,,1-2 Days,2.0,3-4 Months,120.0
51,Meat,Fresh,Lamb,"chops, ribs, or loin","Lamb,chops,ribs,loin,rib",,,3-5 Days,5.0,4-12 Months,360.0
52,Meat,Fresh,Lamb,leg steaks,"Lamb,leg steaks,steaks,steak,leg",,,3-5 Days,5.0,4-12 Months,360.0
53,Meat,Fresh,Lamb,"stew meat, pieces","Lamb,stew,pieces,stew meat,meat,piece",,,3-5 Days,5.0,4-12 Months,360.0
54,Meat,Fresh,Lamb,shanks,"Lamb,shanks,shank",,,3-5 Days,5.0,4-12 Months,360.0
55,Meat,Fresh,Lamb,"breast, rolled","Lamb,breast,rolled",,,3-5 Days,5.0,4-12 Months,360.0
56,Meat,Fresh,Veal,"shoulder roast, boneless","Veal,shoulder,boneless,shoulder roast,roast",,,3-5 Days,5.0,4-12 Months,360.0
57,Meat,Fresh,Veal,"leg rump or round roast, boneless","Veal,leg rump,rump,leg,round,round roast,roast,boneless",,,3-5 Days,5.0,4-12 Months,360.0
58,Meat,Fresh,Veal,"loin roast, bone-in","Veal,loin roast,bone-in,roast,bone,loin",,,3-5 Days,5.0,4-12 Months,360.0
59,Meat,Fresh,Veal,ground,"Veal,ground",,,1-2 Days,2.0,3-4 Months,120.0
60,Meat,Fresh,Pork,"loin roast, bone-in","Pork,loin roast,bone-in,roast,bone,loin",,,3-5 Days,5.0,4-12 Months,360.0
61,Meat,Fresh,Pork,"loin roast, boneless","Pork,loin,boneless,loin roast,roast",,,3-5 Days,5.0,4-12 Months,360.0
63,Meat,Fresh,Pork,"loin chops, bone-in","Pork,loin chops,bone-in,chops,bone,loin",,,3-5 Days,5.0,4-12 Months,360.0
64,Meat,Fresh,Pork,"loin chops, boneless","Pork,loin,boneless,loin chops,chops",,,3-5 Days,5.0,4-12 Months,360.0
65,Meat,Fresh,Pork,crown roast - small,"Pork,roast,crown,crown roast - small,small,crown roast",,,3-5 Days,5.0,4-12 Months,360.0
66,Meat,Fresh,Pork,crown roast - large,"Pork,roast,crown,crown roast - large,large,crown roast",,,3-5 Days,5.0,4-12 Months,360.0
67,Meat,Fresh,Pork,tenderloin,"Pork,tenderloin",,,3-5 Days,5.0,4-12 Months,360.0
69,Meat,Fresh,Pork,tenderloin medallions or loin cubes,"Pork,tenderloin,tenderloin medallions,loin cubes,medallion,loin cube,loin,medallions,cube,cubes",,,3-5 Days,5.0,4-12 Months,360.0
70,Meat,Fresh,Goat,"tender whole cuts (legs, ribs, shoulder, loin)","Goat,tender whole cuts,legs,ribs,shoulder,loin,tender,whole cuts,leg,rib",,,3-5 Days,5.0,4-12 Months,360.0
71,Meat,Fresh,Goat,"less tender whole cuts (stew meat, riblets, shanks)","Goat,less tender whole cuts,stew meat,stew,meat,riblets,shanks,whole cuts,tender,less tender",,,3-5 Days,5.0,4-12 Months,360.0
72,Meat,Fresh,Pork,ribs,"Pork,ribs,rib",,,3-5 Days,5.0,4-12 Months,360.0
73,Meat,Fresh,Pork,ground,"Pork,ground",,,1-2 Days,2.0,3-4 Months,120.0
74,Meat,Fresh,Pork,shoulder,"Pork,shoulder",,,3-5 Days,5.0,4-12 Months,360.0
75,Meat,Fresh,Pork,"loin, cubes","Pork,loin,cubes,cube",,,3-5 Days,5.0,4-12 Months,360.0
76,Meat,Fresh,Venison,"round, rump, loin, or rib roast","Venison,rump,round,loin,rib,rib roast,roast",,,3-5 Days,5.0,4-12 Months,360.0
77,Meat,Fresh,Variety meats,"liver, tongue, chitterlings, etc.","Variety meats,liver,tongue,chitterlings,meats,meat,chitterling",,,1-2 Days,2.0,3-4 Months,120.0
78,Meat,Fresh,Goat,ground,"Goat,ground",,,1-2 Days,2.0,3-4 Months,120.0
79,Meat,Smoked or Processed,Bacon,,Bacon,,,1 Weeks,7.0,1 Months,30.0
81,Meat,Smoked or Processed,Corned beef,in pouch with pickling juices,"Corned beef,pouch,pickling juices,juices,juice",,,5-7 Days,7.0,1 Months,30.0
82,Meat,Smoked or Processed,Ham,canned (“keep refrigerated” label),"Ham,canned,keep refrigerated,label,refrigerated",,,6-9 Months,270.0,Not Recommended,
83,Meat,Smoked or Processed,Ham,"fully cooked, bone-in, whole","Ham,fully cooked,bone-in,whole,cooked,bone",,,1 Weeks,7.0,1-2 Months,60.0
84,Meat,Smoked or Processed,Ham,"fully cooked, bone-in, half","Ham,fully cooked,bone-in,half,cooked,bone",,,1 Weeks,7.0,1-2 Months,60.0
85,Meat,Smoked or Processed,Ham,"fully cooked, slices, half, or spiral cut","Ham,fully cooked,slices,half,spiral cut,cooked,slice",,,3-4 Days,4.0,1-2 Months,60.0
86,Meat,Smoked or Processed,Ham,"fully cooked, arm picnic shoulder, boneless","Ham,fully cooked,cooked,arm picnic shoulder,boneless,shoulder,arm picnic",,,1 Weeks,7.0,1-2 Months,60.0
87,Meat,Smoked or Processed,Ham,"fully cooked, canned, boneless (refrigerated)","Ham,fully cooked,cooked,canned,boneless,refrigerated",,,6-9 Months,270.0,1-2 Months,60.0
88,Meat,Smoked or Processed,Ham,"fully cooked, vacuum packed, boneless","Ham,fully cooked,cooked,vacuum packed,boneless",,,2 Weeks,14.0,1-2 Months,60.0
89,Meat,Smoked or Processed,Ham,"fresh, cook-before-eating, bone-in, whole","Ham,fresh,cook-before-eating,bone-in,whole,bone",,,1 Weeks,7.0,1-2 Months,60.0
90,Meat,Smoked or Processed,Ham,"fresh, cook-before-eating, bone-in, half","Ham,fresh,cook-before-eating,bone-in,half,bone",,,1 Weeks,7.0,1-2 Months,60.0
91,Meat,Smoked or Processed,Ham,"fresh, cook-before-eating, shank or butt portion, bone-in","Ham,fresh,cook-before-eating,shank,butt portion,bone-in,bone",,,1 Weeks,7.0,1-2 Months,60.0
92,Meat,Smoked or Processed,Ham,"fresh, cook-before-eating, arm picnic shoulder, boneless","Ham,fresh,cook-before-eating,before-eating,arm picnic shoulder,boneless,arm picnic,shoulder",,,1 Weeks,7.0,1-2 Months,60.0
93,Meat,Smoked or Processed,Ham,"fresh, cook-before-eating, shoulder roll (butt), boneless","Ham,fresh,cook-before-eating,before-eating,shoulder roll,butt,boneless,roll",,,1 Weeks,7.0,1-2 Months,60.0
94,Meat,Smoked or Processed,Ham,"fresh, uncooked, whole leg, bone-in","Ham,fresh,uncooked,whole leg,bone-in,cooked,leg,bone",,,1 Weeks,7.0,1-2 Months,60.0
95,Meat,Smoked or Processed,Ham,"fresh, uncooked, whole leg, boneless","Ham,fresh,uncooked,whole leg,boneless,cooked,leg,bone",,,1 Weeks,7.0,1-2 Months,60.0
96,Meat,Smoked or Processed,Ham,"fresh, uncooked, half leg, bone-in","Ham,fresh,uncooked,half leg,bone-in,bone,leg,cooked",,,1 Weeks,7.0,1-2 Months,60.0
97,Meat,Smoked or Processed,Ham,country ham (whole or half),"Ham,country ham,whole,half",,,1 Weeks,7.0,1-2 Months,60.0
98,Meat,Smoked or Processed,Hot dogs,,"Hot dogs,hot",,,2 Weeks,14.0,1-2 Months,60.0
102,Meat,Smoked or Processed,Sausage,raw bulk type or patties,"Sausage,raw bulk type,patties,raw,patty",,,1-2 Days,2.0,1-2 Months,60.0
103,Meat,Smoked or Processed,Sausage,"fully cooked smoked links, kielbasa","Sausage,fully cooked smoked links,kielbasa,smoked links,links,fully cooked,link",,,1 Weeks,7.0,1-2 Months,60.0
104,Meat,Smoked or Processed,Sausage,"hard, dry (pepperoni), sliced","Sausage,hard,dry,pepperoni,sliced,slice,dry pepperoni",,,2-3 Weeks,21.0,1-2 Months,60.0
105,Meat,Stuffed or Assembled,"Stuffed, raw pork chops",,"Stuffed,raw pork chops,chops,raw pork,pork",,,1-2 Days,2.0,9 Months,270.0
106,Meat,Stuffed or Assembled,Raw kabobs with vegetables,,"Raw kabobs,vegetables,kabobs,kabob",,,1-2 Days,2.0,3-4 Months,120.0
107,Meat,Shelf Stable Foods,Bacon,fully cooked,"Bacon,fully cooked,cooked",6 Months,180.0,,,,
108,Meat,Shelf Stable Foods,Ham,shelf-stable cans,"Ham,shelf stable cans,cans,shelf stable,shelf,stable,can",6-9 Months,270.0,,,,
109,Meat,Shelf Stable Foods,Jerky,commercially dried,"Jerky,commercially dried,dried",12 Months,360.0,,,,
110,Meat,Shelf Stable Foods,Jerky,homemade,"Jerky,homemade",1-2 Months,60.0,1-2 Months,60.0,,
111,Meat,Shelf Stable Foods,Meat products,canned,"Meat products,products,canned,meat,product",5 Years,1825.0,,,,
112,Meat,Shelf Stable Foods,Retort pouches or boxes,,"Retort pouches,boxes,box,retort,pouch",,,,,,
113,Poultry,Fresh,Chicken,whole,"Chicken,whole",,,1-2 Days,2.0,12 Months,360.0
114,Poultry,Fresh,Turkey,whole,"Turkey,whole",,,1-2 Days,2.0,12 Months,360.0
115,Poultry,Fresh,Ground turkey or chicken,,"Ground turkey,chicken,turkey",,,1-2 Days,2.0,3-4 Months,120.0
116,Poultry,Fresh,Chicken parts,"breast halves, bone-in","Chicken parts,breast halves,bone-in,halves,bone,breast,chicken,half",,,1-2 Days,2.0,9 Months,270.0
117,Poultry,Fresh,Chicken parts,"breast halves, boneless","Chicken parts,breast halves,boneless,chicken,breast,halves,half,bone",,,1-2 Days,2.0,9 Months,270.0
118,Poultry,Fresh,Chicken parts,legs or thighs,"Chicken parts,legs,thighs,chicken,leg,thigh",,,1-2 Days,2.0,9 Months,270.0
119,Poultry,Fresh,Turkey parts,"breast halves, bone-in","Turkey parts,breast halves,bone-in,halves,bone,breast,half,turkey",,,1-2 Days,2.0,9 Months,270.0
120,Poultry,Fresh,Turkey parts,"breast halves, boneless","Turkey parts,breast,boneless,bone,turkey",,,1-2 Days,2.0,9 Months,270.0
121,Poultry,Fresh,Turkey parts,legs or thighs,"Turkey parts,legs,thighs,turkey,leg,thigh",,,1-2 Days,2.0,9 Months,270.0
123,Poultry,Fresh,Duckling,"domestic or wild, whole","Duckling,domestic,wild,whole",,,1-2 Days,2.0,6 Months,180.0
125,Poultry,Fresh,Goose,"domestic or wild, whole","Goose,domestic,wild,whole",,,1-2 Days,2.0,6 Months,180.0
126,Poultry,Fresh,Pheasant,"young, whole","Pheasant,young,whole",,,1-2 Days,2.0,6 Months,180.0
127,Poultry,Fresh,Quail,whole,"Quail,whole",,,1-2 Days,2.0,6 Months,180.0
128,Poultry,Fresh,Capon,whole,"Capon,whole",,,1-2 Days,2.0,12 Months,360.0
129,Poultry,Fresh,Cornish Hens,whole,"Cornish Hens,Hens,whole,Hen",,,1-2 Days,2.0,12 Months,360.0
130,Poultry,Fresh,Giblets,,"Giblets,giblet",,,1-2 Days,2.0,3-4 Months,120.0
131,Poultry,Stuffed or Assembled,"Stuffed, raw chicken breasts",,"Stuffed,raw chicken breasts,breast,chicken,chicken breasts",,,1-2 Days,2.0,9 Months,270.0
132,Poultry,Stuffed or Assembled,Raw kabobs with vegetables,,"Raw kabobs,vegetables,kabobs,kabob,vegetable",,,1-2 Days,2.0,3-4 Months,120.0
133,Poultry,Stuffed or Assembled,Turducken,,Turducken,,,Not Recommended,,9 Months,270.0
134,Poultry,Cooked or Processed,"Chicken nuggets, patties",,"Chicken nuggets, patties,chicken,nuggets,nugget,patty",,,,,1-3 Months,90.0
135,Poultry,Cooked or Processed,Cooked poultry dishes,,"Cooked poultry dishes,poultry dishes,poultry",,,3-4 Days,4.0,4-6 Months,180.0
136,Poultry,Cooked or Processed,Fried chicken,,"Fried chicken,chicken",,,3-4 Days,4.0,4 Months,120.0
140,Deli & Prepared Foods,,Poultry pieces,covered with gravy or broth,"Poultry pieces,gravy,broth,poultry,pieces,piece",,,3-4 Days,4.0,1-2 Months,60.0
141,Poultry,Cooked or Processed,Rotisserie chicken,,"Rotisserie chicken,chicken,Rotisserie",,,3-4 Days,4.0,4 Months,120.0
142,Poultry,Shelf Stable Foods,Canned chicken,,"Canned chicken,chicken,canned,can",5 Years,1825.0,,,,
143,Poultry,Shelf Stable Foods,Retort pouches or boxes,,"Retort pouches,boxes,box,retort,pouch",,,,,,
144,Seafood,Fresh,Lean fish,"cod, flounder, haddock, halibut, sole, etc.","Lean fish,cod, flounder,haddock,halibut,sole,fish",,,1-2 Days,2.0,6-8 Months,240.0
145,Seafood,Fresh,Lean fish,"pollock, ocean perch, rockfish, sea trout.","Lean fish,pollock,ocean,rockfish, sea,sea trout,fish,ocean perch,perch,trout,rock",,,1-2 Days,2.0,4-8 Months,240.0
146,Seafood,Fresh,Fatty fish,"bluefish, catfish, mackerel, mullet, salmon, tuna, etc.","Fatty fish,bluefish,catfish,mackerel,mullet,salmon,tuna,fish,fatty,blue,cat",,,1-2 Days,2.0,2-3 Months,90.0
147,Seafood,Fresh,Caviar,"fresh, in jar","Caviar,fresh,jar",,,1-4 Weeks,28.0,Not Recommended,
148,Seafood,Fresh,Cooked fish,all,"Cooked fish,fish,all",,,3-4 Days,4.0,1-2 Months,60.0
149,Seafood,Fresh,Surimi seafood,,"Surimi seafood,surimi,sea,food",,,Package use-by date,,9 Months,270.0
150,Seafood,Shellfish,Scallops,,"Scallops,scallop",,,1-3 Days,3.0,6-18 Months,540.0
151,Seafood,Shellfish,"Shrimp, crayfish",,"Shrimp,crayfish,cray,fish",,,1-3 Days,3.0,6-18 Months,540.0
152,Seafood,Shellfish,Squid,,Squid,,,1-3 Days,3.0,6-18 Months,540.0
153,Seafood,Shellfish,"Shucked clams, mussels, and oysters",,"Shucked clams,mussels,oysters,clams,clam,mussels,mussel,oyster",,,3-10 Days,10.0,3-4 Months,120.0
154,Seafood,Shellfish,Crab meat,fresh,"Crab meat,meat,fresh,crab",,,1-3 Days,3.0,2-4 Months,120.0
155,Seafood,Shellfish,Crab meat,pasteurized,"Crab meat,meat,pasteurized,crab",,,10-12 Months,360.0,4-10 Months,300.0
156,Seafood,Shellfish,Crab legs,"king, dungeness, snow","Crab legs,king,dungeness,snow,crab,legs,leg",,,2-4 Days,4.0,9-12 Months,360.0
157,Seafood,Shellfish,"Live clams, mussels, crab, and oysters",,"Live clams,mussels,crab,oysters,clams,clam,mussel,oyster",,,1-2 Days,2.0,2-3 Months,90.0
158,Seafood,Shellfish,Fresh whole lobster,live,"Fresh whole lobster,lobster,live,whole lobster",,,1 Days,1.0,Not Recommended,
159,Seafood,Shellfish,Fresh lobster tails,cooked,"Fresh lobster tails,tails,cooked,lobster tails,tail",,,2-3 Days,3.0,2-4 Weeks,28.0
160,Seafood,Shellfish,"Fresh clams, mussels, oysters",,"Fresh clams,clams,oysters,clam,mussels,mussel,oyster",,,5-10 Days,10.0,Not Recommended,
161,Seafood,Shellfish,Fresh whole lobster,frozen,"Fresh whole lobster,lobster,frozen,whole lobster",,,1-2 Days,2.0,2-4 Weeks,28.0
162,Seafood,Shellfish,Cooked shellfish,all,"Cooked shellfish,shellfish,fish,cooked",,,3-4 Days,4.0,1-3 Months,90.0
163,Seafood,Smoked,Herring,"glass packed, in wine sauce","Herring,glass packed,wine sauce,packed,glass,wine,sauce",,,4-6 Months,180.0,Not Recommended,
164,Seafood,Smoked,Fish,"hot smoked, air pack","Fish,hot smoked,air pack,hot,smoked,pack",,,14-45 Days,45.0,9-12 Months,360.0
165,Seafood,Smoked,Fish,"hot smoked, vacuum pack","Fish,hot smoked,vacuum pack,hot,smoked,vacuum,pack",,,14-45 Days,45.0,6-12 Months,360.0
166,Seafood,Smoked,Fish,"cold smoked, air pack","Fish,cold smoked,air pack,cold,smoked,pack",,,14-30 Days,30.0,9-12 Months,360.0
167,Seafood,Smoked,Fish,"cold smoked, vacuum pack","Fish,cold smoked,vacuum pack,cold,smoked,vacuum,pack",,,21-30 Days,30.0,9-12 Months,360.0
168,Vegetarian Proteins,,Tofu,,Tofu,,,1 Weeks,7.0,5 Months,150.0
169,Vegetarian Proteins,,Miso,,Miso,,,1 Years,365.0,Not Recommended,
170,Vegetarian Proteins,,Soy flour,full-fat,"Soy flour,full fat,soy,flour,fat",2 Months,60.0,6 Months,180.0,,
171,Vegetarian Proteins,,Textured soy protein,(TSP),"Textured soy protein,protein,TSP,soy protein,soy",2 Years,730.0,,,,
172,Vegetarian Proteins,,Re-hydrated textured soy protein,(TSP),"Re hydrated textured soy protein,protein,TSP,soy,soy protein,textured soy protein,Re hydrated ",3-4 Months,120.0,3-4 Days,4.0,,
173,Deli & Prepared Foods,,Leftovers,"with meat, fish, poultry, or egg","Leftovers,meat,fish,poultry,egg,leftover",,,3-4 Days,4.0,2-3 Months,90.0
174,Deli & Prepared Foods,,Leftovers,"without meat, fish, poultry, or egg (such as cooked vegitables, rice, or potatoes)","leftover,leftovers,without meat,fish,poultry,egg,cooked vegetables,rice,potatoes,meat,vegetables,potato,vegetable",,,3-4 Days,4.0,1-2 Months,60.0
175,Deli & Prepared Foods,,Leftovers,pizza,"Leftovers,pizza",,,3-4 Days,4.0,1-2 Months,60.0
176,Deli & Prepared Foods,,Commercial brand vacuum-packed dinners,with USDA seal,"Commercial brand vacuum-packed dinners,brand vacuum packed dinners,USDA seal,USDA,seal,dinners,dinner,vacuum packed,vacuum packed dinner,packed dinner,packed",,,2 Weeks,14.0,Not Recommended,
177,Deli & Prepared Foods,,Cooked pasta,,"Cooked pasta,pasta",,,3-5 Days,5.0,1-2 Months,60.0
178,Deli & Prepared Foods,,Cooked rice,,"Cooked rice,rice",,,4-6 Days,6.0,6 Months,180.0
179,Deli & Prepared Foods,,"Fruit, cut",,"Fruit,cut",,,Package use-by date,,Not Recommended,
180,Deli & Prepared Foods,,Guacamole,,Guacamole,,,3-4 Days,4.0,3-4 Months,120.0
181,Deli & Prepared Foods,,Hummus,"commercial (pasteurized, with preservatives)","Hummus,commercial,pasteurized,preservatives,preservative",,,3 Months,90.0,Not Recommended,
183,Deli & Prepared Foods,,Hummus,"traditional (no preservatives, not pasteurized)","Hummus,traditional,no preservatives,not pasteurized,no preservative,preservatives,preservative,pasteurized",,,7 Days,7.0,Not Recommended,
184,Deli & Prepared Foods,,Luncheon meat or poultry,store-sliced,"Luncheon meat,poultry,store sliced,meat,luncheon,store,sliced",,,3-5 Days,5.0,1-2 Months,60.0
185,Deli & Prepared Foods,,Main dishes or meals,hot or refrigerated,"Main dishes,meals,hot,refrigerated,dishes,dish,meal",,,3-4 Days,4.0,2-3 Months,90.0
186,Deli & Prepared Foods,,Meats,covered with gravy or broth,"Meats,gravy,broth,meat",,,3-4 Days,4.0,6 Months,180.0
187,Deli & Prepared Foods,,Olives,from olive bar,"Olives,bar,olive",,,2 Weeks,14.0,Not Recommended,
188,Deli & Prepared Foods,,Pate,,Pate,,,1-2 Days,2.0,1-2 Months,60.0
192,Deli & Prepared Foods,,Luncheon meat or poultry,pre-packaged,"Luncheon meat,luncheon,meat,poultry,packaged,pre packaged",,,2 Weeks,14.0,1-2 Months,60.0
193,Deli & Prepared Foods,,"Soup, stews",,"Soup,stews,stew",,,3-4 Days,4.0,2-3 Months,90.0
194,Deli & Prepared Foods,,Casseroles,,"Casseroles,Casserole",,,3-4 Days,4.0,,
195,Baked Goods,Bakery,Commercial bread products,"including pan breads, flat breads, rolls, and buns","Commercial bread products,pan breads,flat breads,rolls,buns,bread products,bread,products,product,pan,breads,bread,flat,roll,bun",14-18 Days,18.0,,,3-5 Months,150.0
196,"Grains, Beans & Pasta",,Tortillas,flour,"Tortillas,Tortilla",3 Months,90.0,,,6 Months,180.0
197,Baked Goods,Bakery,Commercial cakes and muffins,,"Commercial cakes,cake,muffin,muffins",3-7 Days,7.0,,,6 Months,180.0
198,Baked Goods,Bakery,Cheesecake,,"Cheesecake,cake,cheese",,,,,3-6 Months,180.0
199,Baked Goods,Bakery,Cookies,soft,"Cookies,soft,cookie",2-3 Months,90.0,,,8-12 Months,360.0
200,Baked Goods,Bakery,Cookies,crispy,"Cookies,crispy,cookie",4-6 Months,180.0,,,8-12 Months,360.0
201,Baked Goods,Bakery,Dairy filled eclairs,,"Dairy filled eclairs,dairy filled,eclairs,éclair,dairy",,,,,3 Months,90.0
202,Baked Goods,Bakery,Doughnuts,,"Doughnuts,doughnut,dough,nut",1-2 Days,2.0,,,Not Recommended,
203,Baked Goods,Bakery,Fruit cake,,"Fruit cake,fruit,cake",6 Months,180.0,,,12 Months,360.0
204,Baked Goods,Bakery,"Pastries, danish",,"Pastries,danish,pastry",5-10 Days,10.0,,,Not Recommended,
205,Baked Goods,Bakery,Cream pies,"banana cream, coconut cream, butterscotch","Pies,cream,pie, banana, banana cream,coconut,coconut cream,butterscotch",,,,,Not Recommended,
206,Baked Goods,Bakery,Chiffon pies,"chocolate, lemon","Pies,chiffon,pie,chocolate,lemon,chocolate pie,lemon pie",,,,,Not Recommended,
207,Baked Goods,Bakery,Fruit pies,"apple, peach, blueberry, apricot, cherry, blackberry","Pies,fruit,pie,apple,apple pie,peach,peach pie,blueberry,blueberry pie,cherry,cherry pie,apricot,apricot pie,blackberry,blackberry pie",1-2 Days,2.0,,,8 Months,240.0
208,Baked Goods,Bakery,Pies,mincemeat,"Pies,mincemeat,pie,meat,mince",2 Hours,0.1,,,8 Months,240.0
209,Baked Goods,Bakery,Pies,pecan,"Pies,Pie,pecan",2 Hours,0.1,,,1-2 Months,60.0
210,Baked Goods,Bakery,Pies,pumpkin,"Pies,Pie,pumpkin",2 Hours,0.1,,,1-2 Months,60.0
211,Baked Goods,Bakery,Quiche,,Quiche,2 Hours,0.1,,,2-3 Months,90.0
212,Baked Goods,Baking and Cooking,Baking powder,,"Baking powder,baking,powder",6-18 Months,540.0,,,,
213,Baked Goods,Baking and Cooking,Baking soda,,"Baking soda,soda,baking",2-3 Years,1095.0,,,,
214,Baked Goods,Baking and Cooking,Biscuit or pancake mix,,"Biscuit,pancake mix,pancake,mix,cake",9 Months,270.0,,,,
215,Baked Goods,Baking and Cooking,"Cake, brownie, bread mixes",,"Cake,brownie,bread mixes,bread,mixes,mix",12-18 Months,540.0,,,,
216,Baked Goods,Baking and Cooking,Chocolate,"unsweetened and semi-sweet, solid","Chocolate,unsweetened,semi sweet,solid,sweet",1-2 Years,730.0,,,,
217,Baked Goods,Baking and Cooking,Cocoa and cocoa mixes,,"Cocoa,cocoa mixes,mixes,mix",Indefinitely,,,,,
218,Baked Goods,Baking and Cooking,Cornmeal,"regular, degerminated","Cornmeal,regular,degerminated,germinated,germinate,corn,meal",6-12 Months,360.0,,,,
219,Baked Goods,Baking and Cooking,Cornmeal,stone ground or blue,"Cornmeal,stone ground,blue,ground,stone,corn,meal",1 Months,30.0,,,,
220,Baked Goods,Baking and Cooking,Cornstarch,,"Cornstarch,corn,starch",18-24 Months,720.0,,,,
222,Baked Goods,Baking and Cooking,Flour,white,"Flour,white",6-12 Months,360.0,,,,
223,Baked Goods,Baking and Cooking,Flour,whole wheat,"Flour,whole wheat,wheat",3-6 Months,180.0,,,,
224,Baked Goods,Baking and Cooking,Frosting or icing,,"Frosting,icing,frost,ice",10-12 Months,360.0,,,,
225,Baked Goods,Baking and Cooking,Gelatin,flavored,"Gelatin,flavor,flavored",10-12 Months,360.0,,,,
226,Baked Goods,Baking and Cooking,Gelatin,unflavored,"Gelatin,unflavor,unflavored",3 Years,1095.0,,,,
227,Baked Goods,Baking and Cooking,Oils,olive or vegetable,"Oils,olive,vegetable,oil",6-12 Months,360.0,,,,
228,Baked Goods,Baking and Cooking,Nut oils,,"Nut oils,nut,oils,oil",6-12 Months,360.0,,,,
229,Baked Goods,Baking and Cooking,Vegetable oil sprays,,"Vegetable oil sprays,sprays,oil,vegetable,vegetable oil",2 Years,730.0,,,,
230,Baked Goods,Baking and Cooking,Shortening,solid,"Shortening,solid",1-2 Years,730.0,,,,
231,Baked Goods,Baking and Cooking,Tamarind paste,,"Tamarind paste,paste,tamarind",6-12 Months,360.0,,,,
232,Baked Goods,Baking and Cooking,Chili powder,,"Chili powder,powder,chili",2 Years,730.0,,,,
233,Baked Goods,Baking and Cooking,Seasoning blends,,"Seasoning blends,blends,seasoning,blend",1-2 Years,730.0,,,,
234,Baked Goods,Baking and Cooking,Flavored or herb mixes,,"Flavored,herb mixes,herb,flavor,mixes,mix",6 Months,180.0,,,,
235,Baked Goods,Baking and Cooking,Garlic,"chopped, commercial jars","Garlic,chopped,jars,commercial jars,jar",8-12 Months,360.0,,,,
236,Baked Goods,Baking and Cooking,Herbs,dried,"Herbs,dried,herb",1-2 Years,730.0,,,,
237,Baked Goods,Baking and Cooking,Spice/spices,whole,"Spice,spices,whole",3-4 Years,1460.0,,,,
238,Baked Goods,Baking and Cooking,Spice/spices,ground,"Spice,spices,ground",2-3 Years,1095.0,,,,
239,Baked Goods,Baking and Cooking,Sugar,brown,"Sugar,brown",Indefinitely,,,,,
240,Baked Goods,Baking and Cooking,Sugar,granulated,"Sugar,granulated",Indefinitely,,,,,
241,Baked Goods,Baking and Cooking,Sugar,confectioners,"Sugar,confectioners,confectioner",Indefinitely,,,,,
242,Baked Goods,Baking and Cooking,Sugar substitutes,,"Sugar substitutes,sugar,substitutes,substitute",2 Years,730.0,,,,
243,Baked Goods,Baking and Cooking,Tapiocas,,"Tapiocas,Tapioca",12 Months,360.0,,,,
245,Baked Goods,Refrigerated Dough,Tube cans,"of biscuits, rolls, pizza dough, etc.","Tube cans,biscuits,biscuit,rolls,roll,pizza,pizza dough,dough,tube can,can,tube",,,Package use-by date,,Not Recommended,
246,Baked Goods,Refrigerated Dough,Ready-to-bake pie crust,,"Ready to bake pie crust,pie,crust,bake,ready",,,Package use-by date,,2 Months,60.0
247,Baked Goods,Refrigerated Dough,Cookie dough,,"Cookie dough,cookie,dough",,,Package use-by date,,2 Months,60.0
248,Produce,Fresh Fruits,Apples,,"Apples,apple",3 Weeks,21.0,4-6 Weeks,42.0,8 Months,240.0
249,Produce,Fresh Fruits,Apricots,,"Apricots,Apricot",When Ripe,,2-5 Days,5.0,Not Recommended,
250,Produce,Fresh Fruits,Avocados,,"Avocados,Avocado",When Ripe,,3-4 Days,4.0,Not Recommended,
251,Produce,Fresh Fruits,Bananas,,"Bananas,banana",When Ripe,,3 Days,3.0,2-3 Months,90.0
252,Produce,Fresh Fruits,Berries,"cherries, goose berries, lychee","Berries,berry,cherries,cherry,goose berries,goose berry,lychee,gooseberries",,,7 Days,7.0,12 Months,360.0
253,Produce,Fresh Fruits,Berries,"blackberries, boysenberries, currant","Berries,berry,blackberries,blackberry,boysenberries,boysenberry,currant",,,3-6 Days,6.0,12 Months,360.0
254,Produce,Fresh Fruits,Blueberries,,"Blueberries,blueberry,berries,berry",,,1-2 Weeks,14.0,8-12 Months,360.0
255,Produce,Fresh Fruits,Cherimoya,,Cherimoya,When Ripe,,4 Days,4.0,10-12 Months,360.0
256,Produce,Fresh Fruits,Citrus fruit,"lemon, lime, orange, grapefruit, tangerines, clementines","Citrus fruit,fruit,citrus,lemon,lime,orange,grape,grapefruit,tangerines,tangerine,clementines,clementine",10 Days,10.0,10-21 Days,21.0,Not Recommended,
257,Produce,Fresh Fruits,Coconut,shredded,"Coconut,shredded",1 Years,365.0,,,1 Years,365.0
258,Produce,Fresh Fruits,Coconuts,fresh,"Coconuts,Coconut,fresh",1 Weeks,7.0,2-3 Weeks,21.0,Not Recommended,
259,Produce,Fresh Fruits,Cranberries,,"Cranberries,cranberry",,,2 Months,60.0,12 Months,360.0
260,Produce,Fresh Fruits,Dates,,Dates,2 Months,60.0,12 Months,360.0,1-2 Years,730.0
261,Produce,Fresh Fruits,Grapes,,"Grapes,grape",1 Days,1.0,1 Weeks,7.0,1 Months,30.0
262,Produce,Fresh Fruits,Guava,,Guava,When Ripe,,2-4 Days,4.0,Not Recommended,
263,Produce,Fresh Fruits,Kiwi fruit,,"Kiwi fruit,kiwi,fruit",When Ripe,,3-6 Days,6.0,Not Recommended,
264,Produce,Fresh Fruits,Melons,,"Melons,melon",When Ripe,,2 Weeks,14.0,1 Months,30.0
265,Produce,Fresh Fruits,"Papaya, mango, feijoa, passionfruit, casaha melon",,"Papaya,mango,feijoa,passionfruit,casaha melon,melon,fruit,passion",3-5 Days,5.0,1 Weeks,7.0,6-8 Months,240.0
266,Produce,Fresh Fruits,"Peaches, nectarines, plums, pears, sapote",,"Peaches,nectarines,plums,pears,sapote,peach,nectarine,plum,pear",When Ripe,,3-5 Days,5.0,2 Months,60.0
267,Produce,Fresh Fruits,Pineapple,,Pineapple,When Ripe,,5-7 Days,7.0,10-12 Months,360.0
268,Produce,Fresh Fruits,Plantains,,"Plantains,plantain",When Ripe,,3-5 Days,5.0,10-12 Months,360.0
269,Produce,Fresh Fruits,Pomegranate,,Pomegranate,2-5 Days,5.0,1-3 Months,90.0,10-12 Months,360.0
270,Produce,Fresh Vegetables,"Artichokes, whole",,"Artichokes,artichoke,whole",1-2 Days,2.0,1-2 Weeks,14.0,Not Recommended,
271,Produce,Fresh Vegetables,Asparagus,,Asparagus,,,3-4 Days,4.0,5 Months,150.0
272,Produce,Fresh Vegetables,Bamboo shoots,,"Bamboo shoots,bamboo,shoots,shoot",,,2 Weeks,14.0,,
273,Produce,Fresh Vegetables,Beans and peas,"green, fava, lima, soybean, wax, snow, sugar snap","Beans,peas,green,fava,lima,soybean,wax,snow,sugar snap,sugar,pea,soya",,,3-5 Days,5.0,8 Months,240.0
274,Produce,Fresh Vegetables,Beets,,Beets,1 Days,1.0,1-2 Weeks,14.0,6-8 Months,240.0
275,Produce,Fresh Vegetables,Bok choy,,Bok choy,,,2-3 Days,3.0,10-12 Months,360.0
276,Produce,Fresh Vegetables,Broccoli and broccoli raab (rapini),,"Broccoli,broccoli raab,rapini,raab",,,3-5 Days,5.0,10-12 Months,360.0
277,Produce,Fresh Vegetables,Brussels sprouts,,"Brussels sprouts,brussels,sprouts,sprout,brussel",,,3-5 Days,5.0,10-12 Months,360.0
278,Produce,Fresh Vegetables,Cabbage,,Cabbage,,,1-2 Weeks,14.0,10-12 Months,360.0
279,Produce,Fresh Vegetables,"Carrots, parsnips",,"Carrots,parsnips,carrot,parsnip",,,2-3 Weeks,21.0,10-12 Months,360.0
280,Produce,Fresh Vegetables,Cauliflower,,Cauliflower,,,3-5 Days,5.0,10-12 Months,360.0
281,Produce,Fresh Vegetables,Celery,,Celery,,,1-2 Weeks,14.0,10-12 Months,360.0
282,Produce,Fresh Vegetables,Corn on the cob,,"Corn,cob",,,1-2 Days,2.0,8 Months,240.0
283,Produce,Fresh Vegetables,Cucumbers,,"Cucumbers,cucumber",,,4-6 Days,6.0,Not Recommended,
284,Produce,Fresh Vegetables,Eggplant,,"Eggplant,egg",1 Days,1.0,4-7 Days,7.0,6-8 Months,240.0
285,Produce,Fresh Vegetables,Garlic,,Garlic,1 Months,30.0,3-14 Days,14.0,1 Months,30.0
286,Produce,Fresh Vegetables,Ginger root,,"Ginger root,ginger,root",2-5 Days,5.0,2-3 Weeks,21.0,6 Months,180.0
287,Produce,Fresh Vegetables,Greens,,"Greens,green",,,1-4 Days,4.0,10-12 Months,360.0
288,Produce,Fresh Vegetables,Herbs,,"Herbs,herb",,,7-10 Days,10.0,1-2 Months,60.0
289,Produce,Fresh Vegetables,Leeks,,"Leeks,leek",,,1-2 Weeks,14.0,10-12 Months,360.0
290,Produce,Fresh Vegetables,Lettuce,"iceberg, romaine","Lettuce,iceberg,romaine",,,1-2 Weeks,14.0,Not Recommended,
291,Produce,Fresh Vegetables,Lettuce,"leaf, spinach","Lettuce,leaf,spinach",,,3-7 Days,7.0,Not Recommended,
292,Produce,Fresh Vegetables,Mushrooms,,"Mushroom,mushrooms",,,3-7 Days,7.0,10-12 Months,360.0
293,Produce,Fresh Vegetables,Okra,,Okra,1 Days,1.0,2-3 Days,3.0,10-12 Months,360.0
294,Produce,Fresh Vegetables,Onions,"yellow, white, red, etc.","Onions,yellow,white,red,onion",1 Months,30.0,2 Months,60.0,10-12 Months,360.0
295,Produce,Fresh Vegetables,Onions,spring or green,"Onions,spring,green,onion",1 Months,30.0,1 Weeks,7.0,10-12 Months,360.0
296,Produce,Fresh Vegetables,Peppers,,"Peppers,pepper",,,4-14 Days,14.0,6-8 Months,240.0
297,Produce,Fresh Vegetables,Potatoes,,"Potatoes,potato",1-2 Months,60.0,1-2 Weeks,14.0,10-12 Months,360.0
298,Produce,Fresh Vegetables,Pumpkins,,"Pumpkins,pumpkin",2-3 Months,90.0,3-5 Months,150.0,,
299,Produce,Fresh Vegetables,Radishes,,"Radishes,radish",,,10-14 Days,14.0,Not Recommended,
300,Produce,Fresh Vegetables,Rhubarb,,Rhubarb,,,3-7 Days,7.0,,
301,Produce,Fresh Vegetables,Rutabagas,,Rutabagas,1 Weeks,7.0,2-3 Weeks,21.0,8-10 Months,300.0
302,Produce,Fresh Vegetables,Squash,summer and zucchini,"Squash,summer,zucchini",1-5 Days,5.0,4-5 Days,5.0,10-12 Months,360.0
303,Produce,Fresh Vegetables,Squash,winter,"Squash,winter",2-6 Weeks,42.0,1-3 Months,90.0,10-12 Months,360.0
304,Produce,Fresh Vegetables,Tamarind,,Tamarind,1-3 Weeks,21.0,6 Months,180.0,1 Years,365.0
305,Produce,Fresh Vegetables,Taro,,Taro,7 Days,7.0,2-3 Days,3.0,,
306,Produce,Fresh Vegetables,Tomatoes,,"Tomatoes,tomato",When Ripe,,,,2 Months,60.0
307,Produce,Fresh Vegetables,Turnips,,"Turnips,turnip",,,2 Weeks,14.0,8-10 Months,300.0
308,Produce,Fresh Vegetables,Yuca/cassava,,"Yuca,cassava",7 Days,7.0,3 Days,3.0,1-2 Months,60.0
309,Food Purchased Frozen,,Dough,commercial (bread or cookie),"Dough,commercial,bread,cookie",,,3-4 Days,4.0,12 Months,360.0
310,Food Purchased Frozen,,Egg substitutes,,"Egg substitutes,egg,substitute,Egg substitute",,,3-4 Days,4.0,12 Months,360.0
311,Food Purchased Frozen,,Fish,breaded,"Fish,breaded,bread",,,Not Recommended,,18 Months,540.0
312,Food Purchased Frozen,,Fish,raw but headed and gutted,"Fish,raw,headed,gutted",,,3-4 Days,4.0,6 Months,180.0
313,Food Purchased Frozen,,Frozen potato products,"fries, hashbrowns, tater tots","Frozen potato products,fries,hashbrowns,tater tots,potato products,products,product,frozen potato,hashbrown,tater tot",,,Not Recommended,,12 Months,360.0
314,Food Purchased Frozen,,Frozen pretzels,,"Frozen pretzels,frozen,pretzels,pretzel",,,3-4 Days,4.0,9 Months,270.0
315,Food Purchased Frozen,,Fruits,"such as berries, melons","Fruits,berries,melons,berry,melon",,,,,10-18 Months,540.0
317,Food Purchased Frozen,,Ice cream,,"Ice cream,ice,cream",,,,,6 Months,180.0
318,Food Purchased Frozen,,Ice pops,,"Ice pops,ice,pops,pop",,,,,9 Months,270.0
319,Food Purchased Frozen,,Juice concentrates,,"Juice concentrates,juice,concentrate",,,,,2 Years,730.0
320,Food Purchased Frozen,,Lobster tails,,"Lobster tails,tail,lobster,Lobster tail",,,3-4 Days,4.0,8 Months,240.0
321,Food Purchased Frozen,,"Pancakes, waffles",,"Pancakes,waffles,pancake",,,Not Recommended,,3 Months,90.0
322,Food Purchased Frozen,,Sausages,uncooked,"Sausages,Sausage,uncooked,cooked",,,3-4 Days,4.0,1-2 Months,60.0
323,Food Purchased Frozen,,Sausages,precooked,"Sausages,Sausage,precooked,cooked",,,3-4 Days,4.0,1-2 Months,60.0
324,Food Purchased Frozen,,"Sherbet, sorbet",,"Sherbet,sorbet",,,Not Recommended,,9 Months,270.0
325,Food Purchased Frozen,,"Shrimp, shellfish",,"Shrimp,shellfish,fish",,,3-4 Days,4.0,12-18 Months,540.0
326,Food Purchased Frozen,,Soy crumbles and hot dogs,,"Soy crumbles,hot dogs,hot dog,soy,soy crumble",,,3-4 Days,4.0,1-2 Months,60.0
327,Food Purchased Frozen,,Soy meat substitutes,,"Soy meat substitutes,soy,meat,soy meat,meat substitutes,substitutes,substitute",,,3-4 Days,4.0,12-18 Months,540.0
328,Food Purchased Frozen,,Tempeh,,Tempeh,,,3-4 Days,4.0,6 Months,180.0
330,Food Purchased Frozen,,Frozen entrees,prepared meals,"TV dinners,entrees,breakfast,dinners,dinner,entry,TV",,,Not Recommended,,12 Months,360.0
331,Food Purchased Frozen,,Vegetables,,"Vegetables,vegetable",,,3-4 Days,4.0,10-18 Months,540.0
332,"Grains, Beans & Pasta",,Fresh pasta,,"Fresh pasta,pasta",,,1-2 Days,2.0,2 Months,60.0
333,"Grains, Beans & Pasta",,Beans,dried,"Beans,dried",1-2 Years,730.0,,,,
334,"Grains, Beans & Pasta",,Lentils,dried,"Lentils,dried",1 Years,365.0,,,,
335,"Grains, Beans & Pasta",,Pasta,"dry, without eggs","Pasta,dry,eggs,egg,without egg,without eggs",2 Years,730.0,,,,
336,"Grains, Beans & Pasta",,Dry egg noodles,,"Dry egg noodles,egg noodles,egg,noodles,noodle,dry",2 Years,730.0,,,,
337,"Grains, Beans & Pasta",,Peas,dried split,"Peas,Pea,dried split,split",1 Years,365.0,,,,
338,"Grains, Beans & Pasta",,Rice,white or wild,"Rice,white,wild",2 Years,730.0,,,,
339,"Grains, Beans & Pasta",,Rice,brown,"Rice,brown",1 Years,365.0,,,,
340,"Condiments, Sauces & Canned Goods",,Barbecue sauce,bottled,"Barbecue sauce,sauce,bottled,Barbecue",1 Years,365.0,,,,
341,"Condiments, Sauces & Canned Goods",,Chutney,,Chutney,1 Years,365.0,,,,
342,"Condiments, Sauces & Canned Goods",,"Cream sauces, milk solids",,"Cream sauces,milk solids,sauce,solids,cream,sauces,milk,solid",6-12 Months,360.0,,,,
343,"Condiments, Sauces & Canned Goods",,Dry gravy mixes,,"Dry gravy mixes,gravy,mixes,mix,dry",2 Years,730.0,1-2 Days,2.0,,
344,"Condiments, Sauces & Canned Goods",,Gravy,jars and cans,"Gravy,jars,cans,jar,can",2-5 Years,1825.0,,,,
345,"Condiments, Sauces & Canned Goods",,Honey,,Honey,2 Years,730.0,,,,
346,"Condiments, Sauces & Canned Goods",,Horseradish,in jar,"Horseradish,jar",,,12 Months,360.0,,
347,"Condiments, Sauces & Canned Goods",,"Jams, jellies, and preserves",,"Jams,jellies,preserves,jam,jelly,preserve",6-18 Months,540.0,,,,
348,"Condiments, Sauces & Canned Goods",,"Ketchup, cocktail, or chili sauce",,"Ketchup,cocktail,chili sauce,sauce,chili",1 Years,365.0,,,,
349,"Condiments, Sauces & Canned Goods",,Marinades,,"Marinades,marinade",1 Years,365.0,,,,
350,"Condiments, Sauces & Canned Goods",,Mayonnaise,commercial,"Mayonnaise,commercial",3-6 Months,180.0,,,,
351,"Condiments, Sauces & Canned Goods",,Mustard,,Mustard,1-2 Years,730.0,,,,
352,"Condiments, Sauces & Canned Goods",,Olives,black and green,"Olives,black,green,olive",12-18 Months,540.0,,,,
353,"Condiments, Sauces & Canned Goods",,Pickles,,"Pickles,pickle",1 Years,365.0,,,,
354,"Condiments, Sauces & Canned Goods",,Pesto,jarred,"Pesto,jarred,jar",,,6 Months,180.0,1 Months,30.0
356,"Condiments, Sauces & Canned Goods",,Salad dressings,"commercial, bottled","Salad dressings,dressings,dressing,commercial,bottled,bottle,salad",10-12 Months,360.0,,,,
357,"Condiments, Sauces & Canned Goods",,Salsa,picante and taco sauces,"Salsa,picante,taco sauces,taco,sauces,sauce",1 Years,365.0,,,,
358,"Condiments, Sauces & Canned Goods",,Sauce mixes,"nondairy (spaghetti, taco, etc.)","Sauce mixes,sauce,mixes,mix,nondairy,dairy,spaghetti,taco",2 Years,730.0,,,,
359,"Condiments, Sauces & Canned Goods",,Spaghetti sauce,in jars,"Spaghetti sauce,sauce,in jars,jars,jar,spaghetti",18 Months,540.0,,,,
360,"Condiments, Sauces & Canned Goods",,Soy sauce or teriyaki sauce,,"Soy sauce,teriyaki sauce,sauce,soy,teriyaki",3 Years,1095.0,,,,
361,"Condiments, Sauces & Canned Goods",,Vinegar,,Vinegar,2 Years,730.0,,,,
362,"Condiments, Sauces & Canned Goods",,Worcestershire sauce,,"Worcestershire sauce,Worcestershire,sauce",1 Years,365.0,,,,
363,Baby Food,,Jars or pouches,,"Jars,pouches,jar,pouch",,,,,,
364,Baby Food,,Fruit,,Fruit,,,,,,
365,Baby Food,,Vegetables,,"Vegetables,vegetable",,,,,,
366,Baby Food,,Dinners,,"Dinners,dinner",,,,,,
367,Baby Food,,"Cereal, dry mixes",,"Cereal,dry mixes,mixes,mix,dry",,,,,,
368,Baby Food,,Formula,prepared,"Formula,prepared,prepare",,,,,,
369,Baby Food,,Liquid concentrate or ready-to-feed formula,,"Liquid concentrate,ready to feed formula,concentrate,liquid,formula,feed,ready to feed,feed formula",,,,,,
370,Shelf Stable Foods,,Applesauce,commercial,"Applesauce,Apple,sauce,commercial",12-18 Months,540.0,,,,
371,Shelf Stable Foods,,Bacon bits,imitation,"Bacon bits,bits,imitation,bacon,bit",1 Years,365.0,,,,
372,Shelf Stable Foods,,Canned goods,"low acid (such as meat, poultry, fish, gravy, stew, soups, beans, carrots, corn, pasta, peas, potatoes, spinach)","Canned goods,canned,can,goods,low acid,low,meat,poultry,fish,gravy,stew,soups,soup,beans,bean,carrots,carrot,corn,pasta,peas,pea,potatoes,potato,spinach",2-5 Years,1825.0,,,,
373,Shelf Stable Foods,,Canned goods,"high acid (such as juices, fruit, pickles, sauerkraut, tomato soup, and foods in vinegar-based sauce)","Canned goods,canned,can,goods,high acid,high,juices,juice,fruit,fruits,pickles,pickle,sauerkraut,tomato soup,soup,tomato,foods in vinegar based sauce,sauce,foods,food,vinegar based,vinegar",12-18 Months,540.0,,,,
374,Shelf Stable Foods,,Cereal,ready-to-eat,"Cereal,ready,eat",6-12 Months,360.0,,,,
375,Shelf Stable Foods,,Cereal,"cook before eating (oatmeal, etc.)","Cereal,cook before eating,oatmeal,oats,oat,meal",12 Months,360.0,,,,
376,Shelf Stable Foods,,Chocolate syrup,,"Chocolate syrup,Chocolate,syrup",2 Years,730.0,,,,
377,Shelf Stable Foods,,Crackers,,"Crackers,cracker",8 Months,240.0,,,3-4 Months,120.0
378,Shelf Stable Foods,,Graham cracker/animal cracker,,"Graham cracker,animal cracker,Graham,cracker,animal",6-9 Months,270.0,,,,
379,Shelf Stable Foods,,"Fruits, dried","raisins, apricots, mangoes, cranberries, etc.","Fruits,fruit,dried,raisins,raisin,apricots,apricot,mangoes,mangoe,cranberries,cranberry",6 Months,180.0,,,,
380,Shelf Stable Foods,,Gummy (fruit) snacks,,"fruit snack,gummy,fruit,snacks,snack,gummy snacks,fruit snacks,gummy snack",6-9 Months,270.0,,,,
381,Shelf Stable Foods,,Marshmallows,,"Marshmallows,Marshmallow",1 Years,365.0,,,,
382,Shelf Stable Foods,,Marshmallow crème,,"Marshmallow crème,Marshmallow,crème",2-5 Months,150.0,,,,
383,Shelf Stable Foods,,Milk,canned evaporated or condensed,"Milk,can,canned,evaporated,condensed,evaporate,condense",12 Months,360.0,,,,
384,Shelf Stable Foods,,Molasses,,Molasses,1-2 Years,730.0,,,,
385,Shelf Stable Foods,,Mushrooms,dried,"Mushrooms,Mushroom,dried",1-2 Years,730.0,,,,
386,Shelf Stable Foods,,Nuts,jars or cans,"Nuts,nut,jar,jars,cans,can",1 Years,365.0,,,6-12 Months,360.0
387,Shelf Stable Foods,,Peanut butter,commercial,"Peanut butter,butter,commercial,peanut",6-24 Months,720.0,,,,
388,Shelf Stable Foods,,Pectin,,Pectin,Package use-by date,,,,,
389,Shelf Stable Foods,,Popcorn,dry kernels in jar,"Popcorn,dry kernels in jar,jar,dry kernels,kernels,in jar,kernel,chips,chip",2 Years,730.0,,,,
390,Shelf Stable Foods,,Popcorn,commercially popped in bags,"Popcorn,commercially,popped in bags,bags,bag,in bags",2-3 Months,90.0,,,,
391,Shelf Stable Foods,,Popcorn,microwave packets,"Popcorn,microwave packets,packets,microwave,packet",6-12 Months,360.0,,,,
392,Shelf Stable Foods,,Potato chips,,"Potato chips,potato,chips,chip,potatoes",Package use-by date,,,,,
393,Shelf Stable Foods,,Potatoes,instant,"Potatoes,Potato,instant",10-15 Months,450.0,,,,
394,Shelf Stable Foods,,Pretzels,,"Pretzels,Pretzel",4-9 Months,270.0,,,,
395,Shelf Stable Foods,,Pudding mixes,,"Pudding mixes,Pudding,mixes,mix",1 Years,365.0,,,,
396,Shelf Stable Foods,,Soup mixes,dry bouillon,"Soup mixes,mixes,mix,soup,dry bouillon,bouillon",1 Years,365.0,,,,
397,Shelf Stable Foods,,Sun dried tomatoes,jar,"Sun dried tomatoes,dried tomatoes,sun,sun dried,dried,tomatoes,tomato",1 Years,365.0,,,,
398,Shelf Stable Foods,,Syrup,,Syrup,1 Years,365.0,,,,
399,Shelf Stable Foods,,Toaster pastries,,"Toaster pastries,pastry,Toaster,pastries",6-12 Months,360.0,,,,
400,Beverages,,Coffee,whole beans,"Coffee,whole beans,beans,whole,bean",3-5 Months,150.0,,,,
401,Beverages,,Coffee,"home ground, non-vacuum","Coffee,home ground,non vacuum,ground,home,vacuum",3-5 Months,150.0,,,1-2 Years,730.0
402,Beverages,,Coffee,instant,"Coffee,instant",1 Years,365.0,,,,
403,Beverages,,Diet powder mixes and drink mixes,,"Diet powder mixes,drink mixes,mixes,drink,powder mixes,diet powder,mix",18-24 Months,720.0,,,,
404,Beverages,,"Fruit Juice in cartons, fruit drinks, punch",,"Fruit Juice in cartons,fruit drinks,punch,fruit,fruit juice,juice in cartons,cartons,carton,drinks,drink",3 Weeks,21.0,,,,
405,Beverages,,"Juice, boxes",,"Juice, boxes,box",Package use-by date,,,,,
406,Beverages,,Nectar,"papaya, mango, guava, or guavabana","Nectar,papaya,mango,guava,guavabana,mangoes",12-18 Months,540.0,,,,
407,Beverages,,Soda,"carbonated cola drinks, mixers, diet sodas; bottles or cans","Soda,carbonated cola drinks,mixers,diet sodas,bottles,cans,cola drinks,drinks,drink,cola,carbonated,carbonated cola,mixer,diet,sodas,bottle,can",,,,,,
408,Beverages,,Soy or rice beverage,,"Soy,rice beverage,rice,beverage",,,,,,
410,Beverages,,Tea,bags,"Tea,bags,bag",18-36 Months,1080.0,,,,
411,Beverages,,Tea,instant,"Tea,instant",2-3 Years,1095.0,,,,
412,Beverages,,Tea,loose,"Tea,loose",2 Years,730.0,,,,
413,Beverages,,Water,commercially bottled,"Water,commercially bottled,bottled,commercially,bottle,commercial",Indefinitely,,,,,
414,Produce,Fresh Fruits,Kumquats,,Kumquats,When Ripe,,3 Weeks,21.0,Not Recommended,
415,Produce,Fresh Vegetables,Bagged greens,"leaf, spinach, lettuce, etc.","Bagged greens,leaf,spinach,lettuce,bagged,greens,green",,,3-5 Days,5.0,Not Recommended,
416,"Condiments, Sauces & Canned Goods",,Tahini,,Tahini,1 Years,365.0,,,,
190,Deli & Prepared Foods,,Egg salad,,"Egg salad,egg,salad",,,3-4 Days,4.0,Not Recommended,
191,Deli & Prepared Foods,,Potato salad,,"Potato salad,potato,salad",,,3-5 Days,5.0,Not Recommended,
417,Deli & Prepared Foods,,Seafood salads,"(tuna salad, shrimp salad, salmon salad, mixed seafood salad, etc.)","Seafood salads,tuna salad, shrimp salad, salmon salad, mixed seafood salad,seafood,salads,salad,tuna,shrimp,salmon,mixed,mixed seafood,seafood salad,",,,3-4 Days,4.0,Not Recommended,
418,Deli & Prepared Foods,,Chicken salad,,"Chicken salad,chicken,salad",,,3-4 Days,4.0,Not Recommended,
419,Deli & Prepared Foods,,Ham salad,,"Ham salad,ham,salad",,,3-4 Days,4.0,Not Recommended,
420,Deli & Prepared Foods,,Pasta salad,,"Pasta salad,pasta,salad",,,3-5 Days,5.0,Not Recommended,
421,Dairy Products & Eggs,,Soy milk,,"Soy milk,soy,milk",,,Package use-by date,,,
422,Produce,Fresh Vegetables,Yams/sweet potatoes,,"Yams,sweet potatoes,potatoes,potato,yam",2-3 Weeks,21.0,,,,
423,Produce,Fresh Vegetables,Kale,,Kale,,,3-5 Days,5.0,8-12 Months,360.0
425,"Grains, Beans & Pasta",,Quinoa,uncooked,"Quinoa,cooked,uncooked,cook",2-3 Years,1095.0,,,,
426,"Grains, Beans & Pasta",,Quinoa,cooked,"Quinoa,cook,cooked",,,6-7 Days,7.0,6-12 Months,360.0
427,Dairy Products & Eggs,,Almond milk,,"Almond milk,milk,almond",,,Package use-by date,,,
428,Dairy Products & Eggs,,Rice milk,,"Rice milk,rice,milk",,,Package use-by date,,,
429,Dairy Products & Eggs,,Coconut milk,,"Coconut milk,coconut,milk",,,Package use-by date,,,
430,Dairy Products & Eggs,,Coffee creamer,powdered,"Coffee creamer,creamer,cream,coffee,powdered,powder",2 Years,730.0,,,,
431,Poultry,Cooked or Processed,Turkey bacon,,"Turkey bacon,turkey,bacon",,,2 Weeks,14.0,2-4 Months,120.0
432,Shelf Stable Foods,,Fruit cocktail,canned ,"Fruit cocktail,cocktail,fruit,canned,can",Months,540.0,,,,
433,"Condiments, Sauces & Canned Goods",,Black bean sauce,,"Black bean sauce,sauce,bean,black,black bean,bean sauce",18-24 Months,720.0,,,,
434,"Condiments, Sauces & Canned Goods",,Oyster sauce,,"Oyster sauce,oyster,sauce",18-24 Months,720.0,,,,
435,"Condiments, Sauces & Canned Goods",,Hoisin sauce,,"Hoisin sauce,sauce,Hoisin",18-24 Months,720.0,,,,
436,Meat,Smoked or Processed,Pork roll,,"Pork roll,Pork,roll",,,Package use-by date,,,
437,Shelf Stable Foods,,Almonds ,shell,"Almonds,Almond,shell",6 Months,180.0,16 Months,480.0,20 Months,600.0
438,Shelf Stable Foods,,Almonds ,no shell,"Almonds,Almond,no shell,shell",4 Months,120.0,8 Months,240.0,10 Months,300.0
439,Shelf Stable Foods,,Cashews,no shell,"Cashews,Cashew,no shell,shell",2-4 Weeks,28.0,6 Months,180.0,12 Months,360.0
440,Shelf Stable Foods,,Macadamias,no shell,"Macadamias,Macadamia,no shell,shell",2-4 Weeks,28.0,12 Months,360.0,24 Months,720.0
441,Shelf Stable Foods,,Peanuts,shell,"Peanuts,Peanut,shell,nut",4 Months,120.0,12 Months,360.0,24 Months,720.0
442,Shelf Stable Foods,,Peanuts,no shell,"Peanuts,Peanut,no shell,shell,nut",4 Weeks,28.0,12 Months,360.0,24 Months,720.0
443,Shelf Stable Foods,,Pecans,shell,"Pecans,Pecan,shell",2-4 Weeks,28.0,12 Months,360.0,24 Months,720.0
444,Shelf Stable Foods,,Pecans,no shell,"Pecans,Pecan,no shell,shell",2-4 Weeks,28.0,9 Months,270.0,24 Months,720.0
445,Shelf Stable Foods,,Pistachios,shell or no shell,"Pistachios,shell,no shell,Pistachio,pista",3 Weeks,21.0,12 Months,360.0,24 Months,720.0
446,Shelf Stable Foods,,Walnuts,shell or no shell,"Walnuts,shell,no shell,walnut",2-4 Weeks,28.0,9-12 Months,360.0,24 Months,720.0
447,Beverages,,Lime juice,,"Lime juice,lime,juice",12-18 Months,540.0,,,,
448,Beverages,,Lemon juice,,"Lemon juice,lemon,juice",12-18 Months,540.0,,,,
449,Baked Goods,Bakery,Bagel,fresh baked,"Bagel,fresh baked,baked",1-2 Days,2.0,,,3 Months,90.0
450,Baked Goods,Bakery,Bagel ,commercially frozen,"Bagel,commercially frozen,frozen",,,,,3 Months,90.0
451,Baked Goods,Bakery,Muffin,"homemade - including bran, blueberry, banana, corn, chocolate chip","Muffin,homemade including bran,homemade,bran,blueberry,banana,corn,chocolate chip,including bran,chocolate,chip",3-7 Days,7.0,,,2-3 Months,90.0
452,Baked Goods,Bakery,Muffin,commercially packaged,"Muffin,commercially packaged,packaged",3-7 Days,7.0,,,3 Months,90.0
453,Baked Goods,Bakery,Muffin,"mix, dry, commercially packaged","Muffin,mix,dry,commercially packaged,packaged,commercially,commercial",9 Months,270.0,,,,
454,Shelf Stable Foods,,Coconut oil,,"Coconut oil,coconut,oil",3 Years,1095.0,,,,
455,Beverages,,Orange juice,commercially packaged carton,"Orange juice,commercially packaged carton,orange,juice,commercially,packaged,carton,packaged carton,commercially packaged,commercial",,,,,8-12 Months,360.0
456,Beverages,,Orange juice,commercially frozen concentrate,"Orange juice,commercially frozen concentrate,orange,juice,commercially,frozen,concentrate,commercially frozen,frozen concentrate",,,,,12 Months,360.0
457,Beverages,,Orange juice,freshly squeezed,"Orange juice,orange,juice,freshly squeezed,squeezed,freshly,fresh,sqeeze",,,2-3 Days,3.0,2-3 Weeks,21.0
458,Shelf Stable Foods,,Roasted red peppers,jar,"Roasted red peppers,roasted,red,peppers,jar,Roasted red,red peppers,pepper",,,4-6 Months,180.0,,
459,Baked Goods,Baking and Cooking,Whole wheat flour,,"Whole wheat flour,Whole,wheat,flour,wheat flour,whole wheat",12 Months,360.0,2 Years,730.0,2 Years,730.0
460,"Grains, Beans & Pasta",,Whole wheat bread,homemade,"Whole wheat bread,Whole,wheat,bread,homemade,whole wheat,wheat bread",3-5 Days,5.0,,,3 Months,90.0
461,"Grains, Beans & Pasta",,Whole wheat bread,commercially baked & pre-sliced,"Whole wheat flour,Whole,wheat,flour,wheat flour,whole wheat,commercially baked,pre sliced,sliced,slice,baked,commercially,commercial",3-5 Days,5.0,,,3 Months,90.0
462,Beverages,,Red wine,,"Red wine,red,wine",3-5 Years,1825.0,,,,
463,Beverages,,White wine,,"White wine,white,wine",1-2 Years,730.0,,,,
464,Shelf Stable Foods,,Dry stuffing mix,commercially packaged,"Dry stuffing mix,Dry stuffing,stuffing mix,Dry,stuffing,mix,commercially packaged,packaged,commercially,commercial,pack",9-12 Months,360.0,,,,
465,Dairy Products & Eggs,,Powdered milk,,"Powdered milk,Powdered,milk,powder",3-5 Years,1825.0,,,,
466,Shelf Stable Foods,,Almond butter,,"Almond butter,Almond,butter",1 Years,365.0,,,,
467,Shelf Stable Foods,,Cashew butter,,"Cashew butter,Cashew,butter",3 Months,90.0,,,,
468,Shelf Stable Foods,,Salt,"table, plain, or iodized","Salt,table,plain,iodized",Indefinitely,,,,,
469,Shelf Stable Foods,,Black pepper,"ground, dried, commercially bottled or purchased in bulk","Black pepper,black,pepper,ground,dried,commercially bottled,commercially,bottled,bottle,commercial,purchased in bulk,bulk,purchased,purchase",2 Years,730.0,,,,
470,Shelf Stable Foods,,Black pepper,"cracked, dried, commercially bottled or purchased in bulk","Black pepper,black,pepper,crack,cracked,dried,commercially bottled,commercially,bottled,bottle,commercial,purchased in bulk,bulk,purchased,purchase",2-3 Years,1095.0,,,,
471,Shelf Stable Foods,,Cajun seasoning blend ,"ground, dried, commercially bottled or purchased in bulk","Cajun seasoning blend,Cajun,seasoning,blend,Cajun seasoning,seasoning blend,ground,dried,commercially bottled,commercially,bottled,bottle,commercial,purchased in bulk,bulk,purchased,purchase",1-2 Years,730.0,,,,
472,Shelf Stable Foods,,Cinnamon,"ground, dried, commercially bottled or purchased in bulk","Cinnamon,ground,dried,commercially bottled,commercially,bottled,bottle,commercial,purchased in bulk,bulk,purchased,purchase",3-4 Years,1460.0,,,,
473,Shelf Stable Foods,,Cumin,"ground, dried, commercially bottled or purchased in bulk, opened or unopened","Cumin,ground,dried,commercially bottled,commercially,bottled,bottle,commercial,purchased in bulk,bulk,purchased,purchase,opened,unopened,open,unopen",3-4 Years,1460.0,,,,
474,Shelf Stable Foods,,Garlic powder,"dried, commercially bottled or purchased in bulk","Garlic powder,garlic,powder,dried,commercially bottled,commercially,bottled,bottle,commercial,purchased in bulk,bulk,purchased,purchase",3-4 Years,1460.0,,,,
475,Shelf Stable Foods,,Onion powder ,"dried, commercially bottled or purchased in bulk","Onion powder,onion,powder,dried,commercially bottled,commercially,bottled,bottle,commercial,purchased in bulk,bulk,purchased,purchase",3-4 Years,1460.0,,,,
476,Shelf Stable Foods,,Nutmeg,"ground, dried, commercially bottled or purchased in bulk","Nutmeg,ground,dried,commercially bottled,commercially,bottled,bottle,commercial,purchased in bulk,bulk,purchased,purchase",3-4 Years,1460.0,,,,
477,Dairy Products & Eggs,,Nacho cheese ,store bought,"Nacho cheese,nacho,cheese,store bought,store",2 Years,730.0,,,3 Months,90.0
478,Produce,Fresh Fruits,Star fruit,,"Star fruit,fruit,fruits",1 Weeks,7.0,1-2 Weeks,14.0,10-12 Months,360.0
479,Produce,Fresh Fruits,Prickly pear ,,"Prickly pear,pear,pickle",2-5 Days,5.0,1-2 Weeks,14.0,10-12 Months,360.0
480,Produce,Fresh Fruits,Pitaya/dragon fruit,,"Pitaya,dragon fruit,fruit,fruits",2-5 Days,5.0,2-3 Weeks,21.0,10-12 Months,360.0
481,Produce,Fresh Fruits,Strawberries,,"Strawberries,strawberry",,,2-3 Days,3.0,8-12 Months,360.0
482,Produce,Fresh Fruits,Raspberries,,"Raspberries,raspberry",,,2-3 Days,3.0,8-12 Months,360.0
483,Produce,Fresh Fruits,Cherries,,"Cherries,cherry",,,2-3 Days,3.0,8-12 Months,360.0
484,"Condiments, Sauces & Canned Goods",,Broth,homemade,"Broth,homemade",,,3-4 Days,4.0,2-3 Months,90.0
485,"Condiments, Sauces & Canned Goods",,Beef broth/stock/consommé ,commercially produced,"Beef broth, beef stock,beef consommé,consommé,commercially produced",Package use-by date,,7 Days,7.0,2-3 Months,90.0
486,"Condiments, Sauces & Canned Goods",,Chicken broth/stock/consommé ,commercially produced,"Chicken broth,chicken stock,consommé,commercially produced",Package use-by date,,7 Days,7.0,2-3 Months,90.0
487,"Condiments, Sauces & Canned Goods",,Vegetable stock/broth ,commercially produced,"Vegetable stock,Vegetable broth,broth,commercial vegetable stock,commercial vegetable broth,vegetable",Package use-by date,,7 Days,7.0,2-3 Months,90.0
488,Shelf Stable Foods,,Peanut butter,"commercially produced, containing hydrogenated fat or other stabilizers","Peanut butter,butter,commercial peanut butter, hydrogenated fat,fat,stabilizers,stabilizer",6-9 Months,270.0,12 Months,360.0,,
489,Shelf Stable Foods,,Peanut butter,natural,"Peanut butter,butter,natural",,,12 Months,360.0,,
490,Dairy Products & Eggs,,Ricotta,,Ricotta,,,2 Weeks,14.0,Not Recommended,
491,Produce,Fresh Vegetables,Baby carrots,,"Baby carrots, carrot,baby carrot",4 Days,4.0,4 Weeks,28.0,3 Months,90.0
492,Produce,Fresh Vegetables,Jicama,fresh,"Jicama,fresh",4 Months,120.0,2-3 Weeks,21.0,,
493,Produce,Fresh Vegetables,Kimchi,,Kimchi,,,6-12 Months,360.0,,
494,Produce,Fresh Vegetables,Kohlrabi,,Kohlrabi,,,1 Weeks,7.0,8-12 Months,360.0
495,Produce,Fresh Fruits,Watermelon,,Watermelon,1-2 Days,2.0,3-4 Days,4.0,12 Months,360.0
496,Produce,Fresh Fruits,Cantaloupe,,Cantaloupe,2-4 Days,4.0,5-15 Days,15.0,12 Months,360.0
497,Produce,Fresh Fruits,Honeydew,,Honeydew,2-7 Days,7.0,3-4 Days,4.0,12 Months,360.0
498,"Grains, Beans & Pasta",,Peanuts ,"boiled, shelled","Peanuts,boiled, shelled,peanut",3 Years,1095.0,,,Indefinitely,
499,"Grains, Beans & Pasta",,Refried beans,,"Refried beans,refried bean",3 Years,1095.0,,,,
500,"Condiments, Sauces & Canned Goods",,Relish,,Relish,30 Months,900.0,9 Months,270.0,,
501,Shelf Stable Foods,,Tomato paste,,Tomato paste,27 Months,810.0,,,2-3 Months,90.0
502,Shelf Stable Foods,,Tapenade,,Tapenade,9 Months,270.0,9 Months,270.0,,
503,Shelf Stable Foods,,Flaxseed,whole seed,"Flaxseed,whole seed,seed",2 Years,730.0,,,,
504,Shelf Stable Foods,,Flaxseed,ground,"Flaxseed,ground",,,12 Months,360.0,12 Months,360.0
505,Produce,Fresh Vegetables,Lemongrass,,Lemongrass,,,7-9 Days,9.0,6 Months,180.0
506,Produce,Fresh Vegetables,Cilantro,,Cilantro,1-2 Weeks,14.0,2-3 Weeks,21.0,,
507,Produce,Fresh Vegetables,Mint,,Mint,1-2 Weeks,14.0,2-3 Weeks,21.0,,
508,Produce,Fresh Vegetables,Basil,dried,"Basil,dried",12 Months,360.0,,,,
509,Produce,Fresh Vegetables,Basil,fresh,"Basil,fresh",5 Days,5.0,10 Days,10.0,,
510,Produce,Fresh Vegetables,Oregano,,Oregano,1-2 Weeks,14.0,2-3 Weeks,21.0,,
511,Produce,Fresh Vegetables,Rosemary,,Rosemary,1-2 Weeks,14.0,2-3 Weeks,21.0,,
512,Produce,Fresh Vegetables,Chives,,Chives,1-2 Weeks,14.0,2-3 Weeks,21.0,,
513,Produce,Fresh Vegetables,Thyme,,Thyme,1-2 Weeks,14.0,2-3 Weeks,21.0,,
514,Deli & Prepared Foods,,Turkey ,"pre-packaged, luncheon/deli meat","Turkey,pre-packaged,luncheon/deli meat,packaged,luncheon,deli",,,2 Weeks,14.0,1-2 Months,60.0
515,Deli & Prepared Foods,,Ham,"pre-packaged, luncheon/deli meat","Ham,pre-packaged,luncheon/deli meat,packaged,luncheon,deli",,,2 Weeks,14.0,1-2 Months,60.0
516,Deli & Prepared Foods,,Salami ,"pre-packaged, luncheon/deli meat","Salami,pre-packaged,luncheon meat,deli meat,packaged,luncheon/deli,pre",,,2 Weeks,14.0,1-2 Months,60.0
517,Deli & Prepared Foods,,Chicken,"pre-packaged, luncheon/deli meat","Chicken,pre-packaged,luncheon meat,deli meat,packaged",,,2 Weeks,14.0,1-2 Months,60.0
518,Deli & Prepared Foods,,Canadian bacon,whole,"Canadian bacon,bacon,whole",,,2 Weeks,14.0,2 Months,60.0
519,Deli & Prepared Foods,,Canadian bacon,sliced,"Canadian bacon,bacon,sliced",,,10 Days,10.0,12 Months,360.0
520,Shelf Stable Foods,,Canola oil,,"Canola oil,canola",1 Years,365.0,,,,
521,Shelf Stable Foods,,Almond oil,,"Almond oil,almond",1 Years,365.0,2 Years,730.0,,
522,Shelf Stable Foods,,Sunflower oil,,"Sunflower oil,oil,sunflower",1 Years,365.0,,,,
523,Shelf Stable Foods,,Grapeseed oil,,"Grapeseed oil,grapeseed,oil",1 Years,365.0,,,,
524,"Condiments, Sauces & Canned Goods",,Duck fat,,"Duck fat,duck",,,30 Days,30.0,,
525,"Condiments, Sauces & Canned Goods",,Bacon grease,,"Bacon grease,bacon,grease",,,6 Months,180.0,12 Months,360.0
526,"Condiments, Sauces & Canned Goods",,Frying oil,re-used,"Frying oil,re-used oil,oil",,,1 Months,30.0,6-9 Months,270.0
527,Baked Goods,Baking and Cooking,Almond extract,,Almond extract,2 Years,730.0,,,,
528,Baked Goods,Baking and Cooking,Cinnamon extract,,Cinnamon extract,2 Years,730.0,,,,
529,Baked Goods,Baking and Cooking,Lemon extract,,"Lemon extract,lemon",2 Years,730.0,,,,
530,Baked Goods,Baking and Cooking,Pure vanilla extract,,"vanilla,vanila extract",2 Years,730.0,,,,
531,Baked Goods,Baking and Cooking,Butter flavor,,"Butter flavor,butter",2 Years,730.0,,,,
532,Baked Goods,Baking and Cooking,Coconut flavor,,"Coconut flavor,coconut",2 Years,730.0,,,,
533,Shelf Stable Foods,,"""Genuine"" Maple syrup","unopened, glass","Genuine Maple syrup,syrup,unopened, glass",4 Years,1460.0,Indefinitely,,,
534,Shelf Stable Foods,,"""Genuine"" Maple syrup","unopened, plastic","Genuine Maple syrup,syrup,unopened, plastic",2 Years,730.0,18-24 Months,720.0,,
536,Beverages,,Lemon juice,fresh squeezed,"Lemon juice,juice,fresh squeezed,squeezed,juices",,,6 Days,6.0,12 Months,360.0
537,Beverages,,Apple juice,fresh squeezed,"Apple juice,juice,fresh squeezed,squeezed,juices,apple",,,6 Days,6.0,12 Months,360.0
538,Beverages,,Carrot juice,fresh squeezed,"Carrot juice,juice,fresh squeezed,squeezed,juices",,,6 Days,6.0,12 Months,360.0
539,Beverages,,Hard liquors,,"Hard liquors,liquor",Indefinitely,,,,,
540,Beverages,,Cream liquors,unopened,"Cream liquors,liquors,unopened,liquor",6-8 Months,240.0,,,,
541,Beverages,,Coffee,"commercial ground, non-vacuum","Coffee,commercial ground, non-vacuum",2 Years,730.0,,,6-12 Months,360.0
542,Baked Goods,Bakery,Macaroons,french,"Macaroons,Macaroon,french",1-2 Days,2.0,,,3 Months,90.0
543,Dairy Products & Eggs,,Milk,lactose-free,"Milk,lactose,lactose-free",,,,,Not Recommended,
544,Dairy Products & Eggs,,String Cheese,,"String Cheese,cheese",,,5 Months,150.0,,
545,Dairy Products & Eggs,,Vegan Cheddar Cheese,,"Vegan Cheddar Cheese,cheese,cheddar",,,4 Months,120.0,,
546,Dairy Products & Eggs,,Quark,fresh cheese,"Quark,fresh cheese,cheese",,,7-10 Days,10.0,,
547,Produce,Fresh Vegetables,Zucchini,"fresh, whole","Zucchini,fresh, whole",,,1 Weeks,7.0,10 Months,300.0
548,Produce,Fresh Vegetables,Hot peppers,,"Hot peppers,pepper",,,1 Weeks,7.0,9 Months,270.0
549,Produce,Fresh Vegetables,Bean sprouts,,"Bean sprouts,bean,sprouts",,,5-10 Days,10.0,,
550,Produce,Fresh Vegetables,Swiss chard,,"Swiss chard,chard",,,1-2 Weeks,14.0,,
551,Baked Goods,Refrigerated Dough,Puff pastry,,"Puff pastry,pastry,pastries,puff",,,,,12 Months,360.0
552,Baked Goods,Refrigerated Dough,Biscuits,refrigerated,"Biscuits,Biscuits,refrigerated",,,Package use-by date,,Not Recommended,
553,"Grains, Beans & Pasta",,Tortillas,corn,"Tortillas,corn",25-45 Days,45.0,60-90 Days,90.0,,
554,Baked Goods,Refrigerated Dough,Pie crust,refrigerated,"Pie crust,crust,refrigerated,pie",,,Package use-by date,,2 Months,60.0
555,Shelf Stable Foods,,Granola,,Granola,6-9 Months,270.0,,,,
556,Shelf Stable Foods,,Pork rinds,,"Pork rinds,pork,rinds",4 Months,120.0,,,,
557,"Condiments, Sauces & Canned Goods",,Apple cider vinegar,,"Apple cider vinegar,Apple cider, vinegar,cider,apple",Indefinitely,,,,,
558,Beverages,,Nutrition supplement drinks,canned,"Nutrition supplement drinks,drinks,canned,supplement,Boost,Ensure",2-5 Years,1825.0,,,,
559,"Condiments, Sauces & Canned Goods",,Hot sauce,,"Hot sauce,sauce",6 Months,180.0,,,,
560,"Condiments, Sauces & Canned Goods",,Thai red curry paste,,"Thai red curry paste,red curry paste,curry paste,paste,curry",2 Years,730.0,,,,
561,Baked Goods,Baking and Cooking,Yeast,packaged,"Yeast,packaged",2 Years,730.0,,,6 Months,180.0
562,Produce,Fresh Fruits,Applesauce,homemade,"Applesauce,homemade",,,3 Weeks,21.0,8-12 Months,360.0
563,Meat,Smoked or Processed,Pate,meat ,"Pate,meat",,,7 Days,7.0,,
564,Poultry,Cooked or Processed,Pate,poultry,"Pate,poultry",,,7 Days,7.0,,
565,"Condiments, Sauces & Canned Goods",,Cranberry sauce,canned,"Cranberry sauce,sauce,canned",2 Years,730.0,,,,
566,"Condiments, Sauces & Canned Goods",,Cranberry sauce,homemade,"Cranberry sauce,sauce,homemade",,,7-10 Days,10.0,,
567,Beverages,,Vegetable juice,shelf-stable,"Vegetable juice,stable,shelf,shelf-stable",18 Months,540.0,,,,
568,Beverages,,Vegetable juice,"commercial, sold refrigerated","Vegetable juice,commercial,refrigerated,vegetable",,,1 Months,30.0,,
569,Beverages,,Vegetable juice,homemade,"Vegetable juice,juices,homemade,vegetable",,,,,,
570,Produce,Fresh Vegetables,Marinated vegetables,in oil,"Marinated vegetables,vegetables,oil,vegetable",,,3-4 Days,4.0,,
571,Food Purchased Frozen,,Pizza,frozen,"Pizza,frozen",,,3-4 Days,4.0,12 Months,360.0
572,Deli & Prepared Foods,,Salsa,fresh,"Salsa,fresh",,,4-7 Days,7.0,,
573,Shelf Stable Foods,,Chia seeds,,"Chia seeds,chia,seed,seeds",18 Months,540.0,,,,
574,Baked Goods,Bakery,Bread,homemade,"Bread,Breads,homemade",3-5 Days,5.0,2-3 Months,90.0,,
575,"Grains, Beans & Pasta",,Amaranth,whole grain,"Amaranth,whole grain,grain",4 Months,120.0,,,8 Months,240.0
576,Baked Goods,Baking and Cooking,Amaranth,"flour, meal","Amaranth,flour,meal",2 Months,60.0,,,4 Months,120.0
577,"Grains, Beans & Pasta",,Barley,whole grain,"Barley,whole grain,grain",6 Months,180.0,,,12 Months,360.0
578,Baked Goods,Baking and Cooking,Barley,"flour, meal","Barley,flour, meal",3 Months,90.0,,,6 Months,180.0
579,"Grains, Beans & Pasta",,Buckwheat,whole grain,"Buckwheat,whole grain,grain",2 Months,60.0,,,4 Months,120.0
580,Baked Goods,Baking and Cooking,Buckwheat,"flour, meal","Buckwheat,flour, meal,meal",1 Months,30.0,,,2 Months,60.0
581,"Grains, Beans & Pasta",,Farro,whole grain,"Farro,whole grain,grain",6 Months,180.0,,,12 Months,360.0
582,Baked Goods,Baking and Cooking,Farro,"flour, meal","Farro,flour, meal",3 Months,90.0,,,6 Months,180.0
583,"Grains, Beans & Pasta",,Millet,whole grain,"Millet,whole grain,grain",2 Months,60.0,,,4 Months,120.0
584,Baked Goods,Baking and Cooking,Millet,"flour, meal","Millet,flour, meal",1 Months,30.0,,,2 Months,60.0
585,"Grains, Beans & Pasta",,Oats,whole grain,"Oat,Oats,whole grain,grain",4 Months,120.0,,,8 Months,240.0
586,Baked Goods,Baking and Cooking,Oats,"flour, meal","Oats,Oat,flour, meal",2 Months,60.0,,,4 Months,120.0
587,"Grains, Beans & Pasta",,Rye,whole grain,"Rye,whole grain,grain",6 Months,180.0,,,12 Months,360.0
588,Baked Goods,Baking and Cooking,Rye,"flour, meal","Rye,flour, meal",3 Months,90.0,,,6 Months,180.0
589,"Grains, Beans & Pasta",,Sorghum,whole grain,"Sorghum,whole grain,grain",4 Months,120.0,,,8 Months,240.0
590,Baked Goods,Baking and Cooking,Sorghum,"flour, meal","Sorghum,flour, meal",2 Months,60.0,,,4 Months,120.0
591,"Grains, Beans & Pasta",,Spelt,whole grain,"Spelt,whole grain,grain",6 Months,180.0,,,12 Months,360.0
592,Baked Goods,Baking and Cooking,Spelt,"flour, meal","Spelt,flour, meal",3 Months,90.0,,,6 Months,180.0
593,"Grains, Beans & Pasta",,Teff,whole grain,"Teff,whole grain,grain",4 Months,120.0,,,8 Months,240.0
594,Baked Goods,Baking and Cooking,Teff,"flour, meal","Teff,flour, meal",2 Months,60.0,,,4 Months,120.0
595,Meat,Fresh,Rabbit,"whole, fresh","Rabbit,whole, fresh",,,2 Days,2.0,9 Months,270.0
596,Produce,Fresh Vegetables,Spaghetti squash,whole,"Spaghetti squash,squash,whole",2 Months,60.0,1-2 Weeks,14.0,,
597,Produce,Fresh Vegetables,Spaghetti squash,cut,"Spaghetti squash,squash,cut",,,4-5 Days,5.0,,
598,Baked Goods,Baking and Cooking,Garam masala,,Garam masala,1 Years,365.0,,,,
599,"Condiments, Sauces & Canned Goods",,Tomato sauce,"spaghetti, pizza","Tomato sauce,sauce,spaghetti, pizza",Package use-by date,,,,,
600,Produce,Fresh Vegetables,Cherry tomatoes,,"Cherry, tomatoes,tomato",10 Days,10.0,5 Days,5.0,,
601,Shelf Stable Foods,,Coconut cream,canned,"coconut cream,coconut,cream,canned,can",2-5 Years,1825.0,,,3 Months,90.0
602,Shelf Stable Foods,,Coconut milk,canned,"coconut milk,coconut,milk,canned,can",2-5 Years,1825.0,,,3 Months,90.0
603,Deli & Prepared Foods,,Coleslaw,"homemade, prepared","coleslaw,homemade,homemade coleslaw,prepared,prepared coleslaw",,,3-5 Days,5.0,,
604,Shelf Stable Foods,,Pumpkin seeds,"raw, no shell","pumpkin,pumpkin seed,pumpkin seeds,seed,seeds",6 Months,180.0,6 Months,180.0,,
605,Shelf Stable Foods,,Pumpkin seeds,"raw, in-shell","pumpkin,pumpkin seed,pumpkin seeds,seed,seeds",6 Months,180.0,Not Recommended,,,
606,Shelf Stable Foods,,Pumpkin seeds,"roasted, no-shell","pumpkin,pumpkin seed,pumpkin seeds,seed,seeds",6 Months,180.0,,,,
607,Shelf Stable Foods,,Pumpkin seeds,"roasted, in-shell","pumpkin,pumpkin seed,pumpkin seeds,seed,seeds",6 Months,180.0,,,,
608,Shelf Stable Foods,,Sunflower seeds,"raw, unsalted, no shell","sunflower,sunflower seed,sunflower seeds,seed,seeds",12 Months,360.0,,,,
609,Shelf Stable Foods,,Sunflower seeds,"roasted, no shell","sunflower,sunflower seed,sunflower seeds,seed,seeds,kernal,shell",12 Months,360.0,,,,
610,Shelf Stable Foods,,Sunflower seeds,"roasted, salted, in shell","sunflower,sunflower seed,sunflower seeds,seed,seeds",Package use-by date,,,,,
611,Produce,Fresh Vegetables,Parsley,fresh,parsley,,,2-3 Days,3.0,3-4 Months,120.0
612,Shelf Stable Foods,,Sesame oil,,"sesame oil,sesame,oil",2 Years,730.0,,,,
613,Shelf Stable Foods,,Sesame seeds,,"sesame seeds,sesame,seeds,seed",5 Years,1825.0,,,,
614,Shelf Stable Foods,,Capers,in jar,"capers,caper,jar capers,in jar,jar",Package use-by date,,,,,
615,Shelf Stable Foods,,Chocolate hazlenut spread,,"hazelnut spread, spread, hazelnut, chocolate spread, chocolate,Nutella,cocoa,cocoa spread",Package use-by date,,,,,
616,Shelf Stable Foods,,"Roasted nuts (peanuts, cashews, almonds)",,"roasted nuts,roasted,nuts,roasted peanuts,roasted almonds,roasted cashews,almonds,cashews,peanuts",Package use-by date,,,,,
617,Shelf Stable Foods,,Tuna,packet,"tuna packet,tuna,packet,retort,retort packaging",18 Months,540.0,,,,
618,Shelf Stable Foods,,Tuna,canned,"canned tuna,tuna,canned",3 Years,1095.0,,,,
619,Shelf Stable Foods,,Seafood,canned,"canned seafood,seafood,canned",1 Years,365.0,,,,
620,Dairy Products & Eggs,,Pimento cheese,packaged,"pimento cheese,pimento,cheese",,,Package use-by date,,,
621,Meat,Fresh,Bison,whole,"bison whole,bison,whole",,,3-5 Days,5.0,6-9 Months,270.0
622,Meat,Fresh,Bison,ground,"ground bison,bison,ground",,,1-2 Days,2.0,3-4 Months,120.0
623,"Condiments, Sauces & Canned Goods",,Salad dressing,creamy,"creamy salad dressing,salad,dressing,salad dressing,creamy",6 Months,180.0,,,,
624,"Condiments, Sauces & Canned Goods",,Salad dressing,"vinaigrette,homemade","salad dressing,vinaigrette,salad,dressing,homemade",,,2-3 Weeks,21.0,,
625,"Condiments, Sauces & Canned Goods",,Salad dressing,vinaigrette,"salad dressing,vinaigrette,salad,dressing",6 Months,180.0,,,,
626,"Condiments, Sauces & Canned Goods",,Salad dressing,"dry,packaged","salad dressing,salad,dressing,dry,packaged,package,powdered,powder",Package use-by date,,,,,
627,Shelf Stable Foods,,Grits,boxed,"boxed grits,grits,boxed,box",12 Months,360.0,,,,
628,Dairy Products & Eggs,,Cheese Curds,"fresh, unaged","cheese curd,cheese,curd,curds,cheese curds",,,2 Weeks,14.0,4 Months,120.0
629,Deli & Prepared Foods,,Vegetable soup,homemade,"vegetable soup,vegetable,soup",,,3-4 Days,4.0,3 Months,90.0
630,Meat,Fresh,Chorizo,fresh,"fresh chorizo,chorizo",,,1-2 Days,2.0,1-2 Months,60.0
631,Meat,Smoked or Processed,Chorizo,"smoked and processed, uncooked","smoked chorizo,chorizo,processed chorizo,smoked,processed,uncooked,uncooked processed chorizo,uncooked smoked chorizo",,,1 Weeks,7.0,1-2 Months,60.0
632,Meat,Smoked or Processed,Chorizo,"smoked and processed, cooked","smoked chorizo,chorizo,processed chorizo,smoked,processed,cooked,cooked processed chorizo,cooked smoked chorizo",1 Years,365.0,,,6 Months,180.0
633,Shelf Stable Foods,,Beets,pickled,"pickled beets,beets,pickled",1 Years,365.0,,,,
634,Baked Goods,Refrigerated Dough,Cinnamon rolls,"unbaked, tube","cinnamon rolls,cinnamon roll,cinnamon,roll,rolls",,,Package use-by date,,,
635,Baked Goods,Baking and Cooking,Cinnamon rolls,baked,"cinnamon rolls,cinnamon roll,cinnamon,roll,rolls",1-3 Days,3.0,,,3 Months,90.0
636,"Condiments, Sauces & Canned Goods",,Cooking wine,,"cooking wine,wine,cooking",Package use-by date,,Package use-by date,,,
637,"Grains, Beans & Pasta",,Bulgur,,bulgur,6-12 Months,360.0,,,,
638,Meat,Fresh,Bratwurst,fresh,"fresh brautwurst,brautwurst,fresh",,,2-3 Days,3.0,2-3 Months,90.0
639,Meat,Smoked or Processed,Bratwurst,smoked and processed,"smoked brautwurst,processed brautwurst,bratwurst,smoked,processed",,,5-7 Days,7.0,2-3 Months,90.0
640,Produce,Fresh Vegetables,Edamame,fresh,"edamame,fresh,fresh edamame,soybeans,soybean",,,4-5 Days,5.0,,
641,Food Purchased Frozen,,Edamame,frozen,"edamame,frozen,frozen edamame,soybean,soybeans",,,,,2 Years,730.0
642,Shelf Stable Foods,,Edamame,"salted, dry roasted, out of pod","edamame,soybean,soybeans,salted,roasted,dry roasted",12 Months,360.0,6 Months,180.0,,
643,Shelf Stable Foods,,Breadcrumbs,commercial,"breadcrumbs,breadcrumb",6 Months,180.0,,,,
644,Shelf Stable Foods,,Milk ,shelf-stable,"shelf stable milk,milk,shelf,stable,UHT,ultrapasteurized,aseptic packaging",6-12 Months,360.0,,,,
645,Deli & Prepared Foods,,Salsa,"homemade, fresh","homemade salsa,homemade,salsa",,,5-7 Days,7.0,12 Months,360.0
646,"Condiments, Sauces & Canned Goods",,Salsa,"homemade, canned","homemade salsa,homemade,salsa",9-12 Months,360.0,,,,
647,"Condiments, Sauces & Canned Goods",,Tomato Sauce,"homemade, canned","homemade tomato sauce,homemade sauce,homemade spaghetti sauce,spaghetti sauce,tomato sauce,homemade",9-12 Months,360.0,,,,
648,"Condiments, Sauces & Canned Goods",,Barbecue Sauce,"homemade, canned","homemade barbecue sauce,homemade sauce,homemade BBQ sauce,BBQ sauce,barbecue sauce",9-12 Months,360.0,,,,
649,Dairy Products & Eggs,,Ghee,,"ghee,clarified butter,clarified,butter",6-8 Months,240.0,1-2 Years,730.0,,
650,Shelf Stable Foods,,Corn syrup,,"corn syrup,corn,syrup",3 Years,1095.0,,,,
651,Shelf Stable Foods,,Nutrition supplement drinks,bottled,"Nutrition supplement drinks,drinks,bottled,supplement",Package use-by date,,,,,
652,Shelf Stable Foods,,Instant breakfast drinks,bottled,"instant breakfast drinks,instant,breakfast,drinks,instant breakfast,instant drink,carnation,bottled instant breakfast drink,bottled instant breakfast,bottled breakfast",6 Months,180.0,,,,
653,Shelf Stable Foods,,Pine nuts,,"pine nuts,pine nut,pine,nut,nuts",2-3 Weeks,21.0,3 Months,90.0,9 Months,270.0
654,Baked Goods,Baking and Cooking,Coconut flour,,"coconut flour,coconut,flour",,,9-12 Months,360.0,9-12 Months,360.0
655,Shelf Stable Foods,,Pecans,chopped,"chopped pecans,pecan,pecans,chopped",,,12 Months,360.0,2 Years,730.0
656,Shelf Stable Foods,,Polenta,shelf-stable,"polenta,shelf stable,shelf stable polenta",Package use-by date,,,,Not Recommended,
657,Food Purchased Frozen,,Polenta,frozen,"polenta,frozen,frozen polenta",,,,,12 Months,360.0
658,Shelf Stable Foods,,Cereal or granola bars,,"bars,bar,granola bars,granola bar,granola,cereal bars,cereal bar,nutrition bars,nutrition bar,energy bars,energy bar,health bars,health bar,fruit bars,fruit bar,snack bars,snack barsnack,,nut bars,nut bar,seed bars,seed bar,crunchy bars,crunchy bar,breakfast,breakfast bar,breakfast bars",6-12 Months,360.0,,,,
659,Shelf Stable Foods,,Milk ,ultra-pasteurized,"ultra pasteurized milk,milk,pasteurized,ultra",,,1-3 Months,90.0,,
660,Beverages,,Coconut water,,"coconut water,coconut,water",12 Months,360.0,,,,
661,Produce,Fresh Vegetables,Celery root,,"celeriac,celery root,celery",,,1 Weeks,7.0,,
662,Beverages,,Apple cider,fresh,"apple cider,apple,cider",2-3 Days,3.0,2-3 Weeks,21.0,Indefinitely,
663,Beverages,,Yuzu juice,,"yuzu juice,yuzu,juice",4-6 Months,180.0,9-12 Months,360.0,1-2 Years,730.0
664,Beverages,,Yuzu,"fruit, fresh","yuzu,yuzu fruit",,,5-7 Days,7.0,Indefinitely,
665,Meat,Smoked or Processed,Pastrami,,pastrami,,,40 Days,40.0,,
666,Food Purchased Frozen,,Kugel,commercial,"kugel,commercial,commercial kugel",,,,,1 Years,365.0
667,Deli & Prepared Foods,,Kugel,homemade,"kugel,homemade,homemade kugel",,,3-4 Days,4.0,1 Months,30.0
668,Shelf Stable Foods,,Avocado Oil,,"avodaco oil,avocado,oil",2 Years,730.0,,,,
669,"Condiments, Sauces & Canned Goods",,Balsamic vinegar,,"balsamic vinegar,balsamic,vinegar",3-5 Years,1825.0,,,,
670,"Condiments, Sauces & Canned Goods",,Aioli,homemade,"garlic aioli,aioli,garlic,mayonnaise,mayo,garlic mayo,garlic mayonnaise,mayo",,,3-4 Days,4.0,,
671,"Condiments, Sauces & Canned Goods",,Salad dressing,homemade,"homemade salad dressing,homemade,salad dressing,salad,dressing",,,,,,
672,Shelf Stable Foods,,Base,"beef, vegetable","beef base,vegetable base,base,beef,vegetable",Package use-by date,,,,,
673,"Condiments, Sauces & Canned Goods",,Anchovies,canned,"anchovies,anchovy,canned anchovies",5 Years,1825.0,,,2 Months,60.0
674,Produce,Fresh Vegetables,Radicchio,,radicchio,,,2-3 Weeks,21.0,,
675,Meat,Smoked or Processed,Prosciutto,,prosciutto,,,2-3 Months,90.0,1 Months,30.0
676,Meat,Smoked or Processed,Ham ,"uncured, fresh, cooked","ham,uncured,fresh,cooked,uncured ham,fully cooked,fully cooked uncured ham",,,3-4 Days,4.0,3-4 Months,120.0
677,Meat,Fresh,Ham ,"uncured, fresh, uncooked","ham,uncured,fresh,uncooked,uncured ham,uncured ham uncooked",,,3-5 Days,5.0,6 Months,180.0
678,Produce,Fresh Vegetables,Arugula,,"arugula,greens,salad greens,salad",,,3-7 Days,7.0,,
679,"Grains, Beans & Pasta",,Mung bean,sprouts,"sprouted mung beans,sprouted mung bean,sprout,mung beans,mung bean,mung,bean,mungbean,sprouts",,,4-6 Weeks,42.0,,
680,"Grains, Beans & Pasta",,Mung bean,"dry, food-grade bags","mung beans,mung bean,mung,bean,dry mung beans,dry,bag,bagged mung beans",1 Years,365.0,1 Years,365.0,1 Years,365.0
681,"Grains, Beans & Pasta",,Mung bean,"dry, vacuum-sealed","mung beans,mung bean,mung,bean,dry mung beans,dry,vacuum sealed,vacuum sealed mung beans",8-10 Years,3650.0,,,,
682,Shelf Stable Foods,,Croutons,,"croutons,crouton,bread",5-6 Months,180.0,5-6 Months,180.0,11-12 Months,360.0
683,Meat,Smoked or Processed,Bacon,uncured,"uncured bacon,nitrite-free bacon,natural bacon,uncured,nitrite-free,nitrite,natural,bacon",,,4-7 Days,7.0,3-4 Weeks,28.0
684,Shelf Stable Foods,,Mustard,"dried, ground","mustard,dried mustard,ground mustard,dried ground mustard",6 Months,180.0,,,1-2 Years,730.0
